entry_date,setup_date,direction,entry_price,exit_price,exit_date,exit_reason,bars_held,r_multiple,first_target_hit,initial_risk
2005-02-17 00:00:00,2005-02-15 00:00:00,long,29.34490991113413,29.6285422706604,2005-03-03 00:00:00,time_stop,10,0.33529707430374456,False,0.8160893145115438
2005-03-03 00:00:00,2005-03-01 00:00:00,long,29.760727915196643,29.808605087280274,2005-03-16 00:00:00,time_stop,10,0.04790804228687914,False,0.7906224148508834
2005-02-24 00:00:00,2005-02-22 00:00:00,long,29.430435609511413,29.730289860973077,2005-03-18 00:00:00,trailing_stop,17,0.6797011051618398,True,0.7786659164105458
2005-03-11 00:00:00,2005-03-09 00:00:00,long,30.15286284905076,29.37652554841772,2005-03-22 00:00:00,stop,8,-1.012880999008866,False,0.7763373006330383
2005-03-29 00:00:00,2005-03-23 00:00:00,short,28.832691605228867,29.33046906280517,2005-04-11 00:00:00,time_stop,10,-0.6636798574553313,False,0.7650939709443882
2005-04-01 00:00:00,2005-03-29 00:00:00,short,28.846342546349206,28.71145586872101,2005-04-14 00:00:00,time_stop,10,0.1558513049979455,False,0.8013194219313178
2005-04-20 00:00:00,2005-04-18 00:00:00,short,28.435979166565883,28.509359021186828,2005-05-03 00:00:00,time_stop,10,-0.09711345718281124,False,0.8585818797902256
2005-04-22 00:00:00,2005-04-20 00:00:00,short,28.43325809984555,28.889878317832945,2005-05-05 00:00:00,time_stop,10,-0.5160596102359964,False,0.9041982916934899
2005-05-20 00:00:00,2005-05-13 00:00:00,short,28.28676152527375,28.35643149089813,2005-06-03 00:00:00,time_stop,10,-0.09413973758511625,False,0.8462947493596751
2005-08-08 00:00:00,2005-08-04 00:00:00,long,30.09010009175059,30.422870200738632,2005-08-17 00:00:00,trailing_stop,8,0.6952944528600942,True,0.8007654708249881
2005-08-19 00:00:00,2005-08-16 00:00:00,long,30.27571941587854,30.938086908340455,2005-09-01 00:00:00,time_stop,10,0.7508360929368942,False,0.8688547322095026
2005-09-09 00:00:00,2005-09-07 00:00:00,long,31.383926526260087,31.123607733726498,2005-09-22 00:00:00,time_stop,10,-0.28998675825693593,False,0.9321763316312506
2005-09-14 00:00:00,2005-09-09 00:00:00,long,31.21923574187589,31.21091109085083,2005-09-27 00:00:00,time_stop,10,-0.020363438209879892,False,0.8998800122158386
2005-10-04 00:00:00,2005-09-29 00:00:00,long,31.683262186705647,30.76685622942214,2005-10-06 00:00:00,stop,3,-1.0109121944488912,False,0.9164059572835086
2005-10-17 00:00:00,2005-10-13 00:00:00,short,30.63877074827592,30.668641247749328,2005-10-28 00:00:00,time_stop,10,-0.041255727066051726,False,0.9664233867354568
2005-10-27 00:00:00,2005-10-21 00:00:00,short,30.38764636458,31.471752832967255,2005-11-03 00:00:00,stop,6,-1.009224186269155,False,1.0841064683872546
2005-12-08 00:00:00,2005-12-06 00:00:00,long,32.354746409518214,33.06065180397034,2005-12-21 00:00:00,time_stop,10,0.7108327492838669,False,0.9790001869683387
2005-12-16 00:00:00,2005-12-14 00:00:00,long,32.983461151123045,33.029325922012326,2005-12-30 00:00:00,time_stop,10,0.03629500096684512,False,0.9881462993221319
2005-12-21 00:00:00,2005-12-19 00:00:00,long,33.08173213239004,34.02447164823575,2006-01-17 00:00:00,trailing_stop_gap,17,0.9927262584000643,True,0.9363612148883149
2005-12-27 00:00:00,2005-12-22 00:00:00,long,33.31718607702469,34.02447164823575,2006-01-17 00:00:00,trailing_stop_gap,14,0.8455201720321649,True,0.9937357906432212
2006-01-19 00:00:00,2006-01-13 00:00:00,long,33.88991744879522,34.38687070734656,2006-02-03 00:00:00,trailing_stop,12,0.6974496324050056,True,1.2077846201633449
2006-01-31 00:00:00,2006-01-27 00:00:00,long,34.96751396128283,34.124172359466556,2006-02-13 00:00:00,time_stop,10,-0.7251754632660112,False,1.1767381069031728
2006-02-09 00:00:00,2006-01-31 00:00:00,long,34.55160424062992,34.774424615859985,2006-02-23 00:00:00,time_stop,10,0.18743608938985512,False,1.1354290196879404
2006-03-22 00:00:00,2006-03-20 00:00:00,long,35.96840303382431,36.76409090614319,2006-04-04 00:00:00,time_stop,10,0.729315816251858,False,1.0772944378976064
2006-03-24 00:00:00,2006-03-22 00:00:00,long,35.851630576113045,36.41758184454332,2006-04-11 00:00:00,trailing_stop,13,0.748367303125748,True,1.0990803973779535
2006-04-03 00:00:00,2006-03-30 00:00:00,long,36.253108881303,36.40282906150818,2006-04-17 00:00:00,time_stop,10,0.12149350433320594,False,1.150021813692895
2006-04-17 00:00:00,2006-04-07 00:00:00,long,36.469962660014424,37.57413466738653,2006-05-03 00:00:00,trailing_stop,13,0.9940895342607406,True,1.097141238777958
2006-05-04 00:00:00,2006-05-02 00:00:00,long,38.28713017067598,36.86514807116911,2006-05-17 00:00:00,stop,10,-1.007032437330588,False,1.4219820995068702
2006-05-30 00:00:00,2006-05-24 00:00:00,short,36.317645159880136,34.28291375143708,2006-06-15 00:00:00,trailing_stop,13,1.170797838620131,True,1.6358078245863439
2006-06-19 00:00:00,2006-06-14 00:00:00,short,34.31030984119656,36.29871689688858,2006-06-30 00:00:00,stop_gap,10,-1.0381302263807244,False,1.9250061359441801
2006-10-31 00:00:00,2006-10-27 00:00:00,long,39.171236781315194,39.331730394363404,2006-11-13 00:00:00,time_stop,10,0.15312917787814612,False,0.9827886176465128
2006-11-03 00:00:00,2006-11-01 00:00:00,long,39.204599700628016,39.6707522354126,2006-11-16 00:00:00,time_stop,10,0.4672632509494195,False,0.9762217205349231
2006-11-14 00:00:00,2006-11-07 00:00:00,long,39.733960282710925,39.64296462249756,2006-11-28 00:00:00,time_stop,10,-0.10190980296266233,False,0.9910298840472578
2006-12-04 00:00:00,2006-11-30 00:00:00,long,40.3722848228801,41.32942884779143,2007-01-05 00:00:00,trailing_stop_gap,22,0.9571408577266257,True,1.0483142477232903
2007-01-03 00:00:00,2006-12-28 00:00:00,long,42.00373918798914,41.02176009665191,2007-01-05 00:00:00,stop,3,-1.0101835162155868,False,0.9819790913372302
2006-12-27 00:00:00,2006-12-20 00:00:00,long,41.37916899356241,41.0193284034729,2007-01-11 00:00:00,time_stop,10,-0.3724841106913863,False,0.9929029976688994
2007-01-09 00:00:00,2007-01-03 00:00:00,long,41.25994195389791,41.978412830352774,2007-01-23 00:00:00,time_stop,10,0.7004286189701677,False,1.0114819087439955
2007-01-29 00:00:00,2007-01-24 00:00:00,long,41.74120353675634,42.358650930404664,2007-02-09 00:00:00,time_stop,10,0.5392676567394615,False,1.126430235629364
2007-02-09 00:00:00,2007-02-07 00:00:00,long,42.63399069874239,43.516351209640504,2007-02-23 00:00:00,time_stop,10,0.787013983755254,False,1.1084434697533965
2007-02-22 00:00:00,2007-02-20 00:00:00,long,43.38779320057793,42.19210086918267,2007-02-27 00:00:00,stop,4,-1.008363355469823,False,1.1956923313952643
2007-03-01 00:00:00,2007-02-27 00:00:00,short,41.42731334854495,41.37281458854675,2007-03-14 00:00:00,time_stop,10,0.028940164557628295,False,1.5376125422364666
2007-03-13 00:00:00,2007-03-05 00:00:00,short,41.985098715865895,43.474687448501584,2007-03-26 00:00:00,time_stop,10,-0.8771550087282246,False,1.7096051640974181
2007-03-23 00:00:00,2007-03-21 00:00:00,long,43.55812968604712,44.11791413879394,2007-04-05 00:00:00,time_stop,10,0.33047016192949824,False,1.663643245540925
2007-04-05 00:00:00,2007-04-03 00:00:00,long,44.02370728890852,44.92943978309631,2007-04-19 00:00:00,time_stop,10,0.6083735827838476,False,1.472339561637483
2007-04-10 00:00:00,2007-04-05 00:00:00,long,44.32601013669233,45.00322870635986,2007-04-23 00:00:00,time_stop,10,0.47091713827184806,False,1.4168491979630673
2007-04-13 00:00:00,2007-04-11 00:00:00,long,44.60422859797649,45.18482807731628,2007-04-26 00:00:00,time_stop,10,0.4105161181433444,False,1.3899563357474634
2007-04-20 00:00:00,2007-04-18 00:00:00,long,45.33098989784113,45.28129928779601,2007-05-03 00:00:00,time_stop,10,-0.04364325748341518,False,1.367693739813106
2007-04-25 00:00:00,2007-04-20 00:00:00,long,45.23445691075426,45.40047566223144,2007-05-08 00:00:00,time_stop,10,0.11628874966016269,False,1.3416495742978114
2007-05-09 00:00:00,2007-05-07 00:00:00,long,45.47861850311412,45.4231732006073,2007-05-22 00:00:00,time_stop,10,-0.0523494032456308,False,1.25016329603109
2007-07-19 00:00:00,2007-07-13 00:00:00,long,47.40910496150172,45.98475345830124,2007-07-25 00:00:00,stop,5,-1.007020738895933,False,1.4243515032004765
2007-08-01 00:00:00,2007-07-30 00:00:00,short,44.64667225770402,43.19634629058838,2007-08-14 00:00:00,time_stop,10,0.745863160231397,False,1.9310860810832793
2007-08-03 00:00:00,2007-08-01 00:00:00,short,44.57990196079249,40.313083812724265,2007-08-16 00:00:00,trailing_stop_gap,10,1.5861722326613457,True,1.9590486329451693
2007-08-09 00:00:00,2007-08-03 00:00:00,short,44.42523605776474,40.313083812724265,2007-08-16 00:00:00,trailing_stop_gap,6,1.4611232769464988,True,2.128838382752157
2007-08-14 00:00:00,2007-08-10 00:00:00,short,43.57489822387696,40.313083812724265,2007-08-16 00:00:00,trailing_stop_gap,3,1.4718110648285734,True,2.209396633073581
2007-10-04 00:00:00,2007-10-02 00:00:00,long,47.40206699425621,47.57968717765808,2007-10-17 00:00:00,time_stop,10,0.08158722413111316,False,2.054490579707675
2007-10-11 00:00:00,2007-10-08 00:00:00,long,48.6128217028455,46.17267459274935,2007-10-22 00:00:00,stop_gap,8,-1.1426513289906781,False,2.14426487584835
2007-10-17 00:00:00,2007-10-11 00:00:00,long,47.67594613902064,48.18126154518127,2007-10-30 00:00:00,time_stop,10,0.23750044020739272,False,2.0855346867067226
2007-11-06 00:00:00,2007-10-31 00:00:00,long,47.72139424759997,45.58920227200848,2007-11-19 00:00:00,stop,10,-1.004690009208587,False,2.132191975591489
2007-11-15 00:00:00,2007-11-12 00:00:00,short,46.29327514406266,46.88313291549683,2007-11-29 00:00:00,time_stop,10,-0.2515792229488418,False,2.3843692829759178
2007-11-21 00:00:00,2007-11-19 00:00:00,short,45.061163314327175,47.206948917388914,2007-12-05 00:00:00,time_stop,10,-0.8238759298676195,False,2.616638652628353
2007-12-27 00:00:00,2007-12-18 00:00:00,short,45.70220993251149,44.67894833564758,2008-01-10 00:00:00,time_stop,10,0.4228717454937504,False,2.396144002671086
2008-01-28 00:00:00,2008-01-24 00:00:00,short,40.863305169345,39.81430027770997,2008-02-08 00:00:00,time_stop,10,0.3184460203480501,False,3.262734734443953
2008-05-22 00:00:00,2008-05-19 00:00:00,long,45.258900303267545,44.55861927413941,2008-06-05 00:00:00,time_stop,10,-0.3941883157274991,False,1.8018825033341415
2008-06-18 00:00:00,2008-06-16 00:00:00,short,42.10778098825162,39.527038807291135,2008-07-17 00:00:00,trailing_stop_gap,21,1.3112375640376572,True,1.7501406431166657
2008-06-26 00:00:00,2008-06-24 00:00:00,short,41.04779640977916,39.527038807291135,2008-07-17 00:00:00,trailing_stop_gap,15,0.9096413864250124,True,1.830449201241663
2008-07-01 00:00:00,2008-06-27 00:00:00,short,40.068822862004914,39.527038807291135,2008-07-17 00:00:00,trailing_stop_gap,12,0.6393132167300702,True,1.8556773355993812
2008-07-22 00:00:00,2008-07-16 00:00:00,short,39.54669928435752,38.45453946876526,2008-08-04 00:00:00,time_stop,10,0.5487287841532842,False,1.9721214684629444
2008-08-25 00:00:00,2008-08-21 00:00:00,short,37.18121350096551,36.57426862927685,2008-09-04 00:00:00,trailing_stop,8,0.6681177304392631,True,1.745636436308871
2008-09-02 00:00:00,2008-08-25 00:00:00,short,37.618418718988075,36.57426862927685,2008-09-04 00:00:00,trailing_stop,3,0.8068171541877328,True,1.6689909213560057
2008-09-15 00:00:00,2008-09-11 00:00:00,short,34.25427412771208,36.4686909422547,2008-09-19 00:00:00,stop,5,-1.004515861663589,False,2.2144168145426235
2008-10-02 00:00:00,2008-09-29 00:00:00,short,32.50991286832493,27.08509500107176,2008-10-13 00:00:00,trailing_stop_gap,8,1.262861590796408,True,3.550818541232495
2008-10-15 00:00:00,2008-10-13 00:00:00,short,27.787083486957123,25.77385420425753,2008-10-29 00:00:00,trailing_stop,11,0.6921723113792159,True,5.107874717489807
2008-10-21 00:00:00,2008-10-17 00:00:00,short,26.893031448977403,26.564384868621826,2008-11-03 00:00:00,time_stop,10,0.06143770331806817,False,5.186498894757143
2008-10-31 00:00:00,2008-10-28 00:00:00,short,25.599591544964447,25.947014722824097,2008-11-13 00:00:00,time_stop,10,-0.06726525340314107,False,5.313637573287714
2008-11-26 00:00:00,2008-11-20 00:00:00,short,23.801830924177334,25.406822047233582,2008-12-10 00:00:00,time_stop,10,-0.33852867100986456,False,4.770618447880853
2009-01-29 00:00:00,2009-01-23 00:00:00,short,23.964723226029058,23.499756319999694,2009-02-11 00:00:00,time_stop,10,0.15520036838160123,False,2.9314808384391675
2009-02-27 00:00:00,2009-02-25 00:00:00,short,20.617869318056098,20.9147223072052,2009-03-12 00:00:00,time_stop,10,-0.12254497215394945,False,2.5040030917271068
2009-03-05 00:00:00,2009-03-03 00:00:00,short,19.85476089777008,22.453169963686747,2009-03-18 00:00:00,stop,10,-1.0038485087398938,False,2.598409065916666
2009-03-12 00:00:00,2009-03-09 00:00:00,short,20.187261830483717,22.98328321202221,2009-03-19 00:00:00,stop_gap,6,-1.0751089435601624,False,2.609987944334751
2009-03-25 00:00:00,2009-03-23 00:00:00,long,23.471951797379212,23.344139885902404,2009-04-07 00:00:00,time_stop,10,-0.0531717530936041,False,2.591825611508476
2009-04-08 00:00:00,2009-04-02 00:00:00,long,23.664235138718563,23.94470767688751,2009-04-22 00:00:00,time_stop,10,0.10881350347452493,False,2.4856523274454574
2009-05-12 00:00:00,2009-05-08 00:00:00,long,27.277481493509253,28.202745668411254,2009-05-26 00:00:00,time_stop,10,0.42093509762107945,False,2.174359372916701
2009-05-14 00:00:00,2009-05-12 00:00:00,long,26.626520493054745,27.93849645042419,2009-05-28 00:00:00,time_stop,10,0.595961050553921,False,2.1846661894419306
2009-05-22 00:00:00,2009-05-20 00:00:00,long,27.776207411783098,28.40093067550659,2009-06-05 00:00:00,time_stop,10,0.2981233438535811,False,2.0619762806142568
2009-05-29 00:00:00,2009-05-26 00:00:00,long,28.359048688552342,29.23572768306732,2009-06-11 00:00:00,time_stop,10,0.4199443756770047,False,2.0637947421435996
2009-06-05 00:00:00,2009-06-02 00:00:00,long,28.86177236822345,27.74631658744812,2009-06-18 00:00:00,time_stop,10,-0.548068620618415,False,2.0534942859991077
2009-07-30 00:00:00,2009-07-27 00:00:00,long,30.44026962369212,31.212396172523498,2009-08-12 00:00:00,time_stop,10,0.4213179944734257,False,1.8089105113677917
2009-07-23 00:00:00,2009-07-21 00:00:00,long,29.701639026177197,30.49777102082981,2009-08-17 00:00:00,trailing_stop_gap,18,0.7048693660980941,True,1.8846896658147188
2009-08-12 00:00:00,2009-08-06 00:00:00,long,30.97186496273601,32.42064832687378,2009-08-25 00:00:00,time_stop,10,0.835768381898832,False,1.7215096853375975
2009-08-27 00:00:00,2009-08-25 00:00:00,long,32.34027680941609,33.53690357971191,2009-09-10 00:00:00,time_stop,10,0.6602148559107458,False,1.79733424607495
2009-09-01 00:00:00,2009-08-28 00:00:00,long,32.3955019662475,33.56758128738403,2009-09-15 00:00:00,time_stop,10,0.6358439413068105,False,1.8276171960499923
2009-09-15 00:00:00,2009-09-11 00:00:00,long,33.6166478139387,33.727043600082396,2009-09-28 00:00:00,time_stop,10,0.05058424585396509,False,1.9847243830329546
2009-09-22 00:00:00,2009-09-17 00:00:00,long,34.293916048184684,32.1852808473314,2009-10-02 00:00:00,stop_gap,9,-1.116996266126561,False,1.8967254100142483
2010-01-26 00:00:00,2010-01-22 00:00:00,short,33.458923158909904,32.232452074620355,2010-02-09 00:00:00,trailing_stop,11,0.8489592716017367,True,1.7286703384492412
2010-02-03 00:00:00,2010-02-01 00:00:00,short,33.201236446831345,32.232452074620355,2010-02-09 00:00:00,trailing_stop,5,0.7638212633718238,True,1.7928986552383321
2010-02-11 00:00:00,2010-02-09 00:00:00,short,31.690330225303722,32.401480882644655,2010-02-25 00:00:00,time_stop,10,-0.35428102310732934,False,2.0355328406129765
2010-03-23 00:00:00,2010-03-17 00:00:00,long,34.448725120716176,35.19752228736878,2010-04-06 00:00:00,time_stop,10,0.48087718571010224,False,1.5363531242631794
2010-04-20 00:00:00,2010-04-14 00:00:00,long,35.30562879375408,33.888900396431104,2010-04-27 00:00:00,stop,6,-1.007058515957537,False,1.4167283973229772
2010-04-30 00:00:00,2010-04-28 00:00:00,short,33.857614055049176,31.753682291033343,2010-05-06 00:00:00,trailing_stop_gap,5,1.268471338242219,True,1.6092560753016585
2010-05-11 00:00:00,2010-05-07 00:00:00,short,31.700349567909683,30.08198195753437,2010-05-27 00:00:00,trailing_stop,13,0.834396244299883,True,2.384837011318389
2010-06-01 00:00:00,2010-05-26 00:00:00,short,29.644524376483968,30.49331597328186,2010-06-14 00:00:00,time_stop,10,-0.32845408406414367,False,2.6146473387439393
2010-08-06 00:00:00,2010-08-04 00:00:00,long,33.78461791992187,31.824051367614487,2010-08-12 00:00:00,stop_gap,5,-1.0591456355246096,False,1.8605246400617368
2010-08-31 00:00:00,2010-08-25 00:00:00,short,31.32892436797749,33.072626679256,2010-09-03 00:00:00,stop,4,-1.005734923865914,False,1.7437023112785077
2010-09-20 00:00:00,2010-09-15 00:00:00,long,34.03033588648618,34.93165263366699,2010-10-01 00:00:00,time_stop,10,0.5487177491699023,False,1.6243628869836897
2010-09-24 00:00:00,2010-09-22 00:00:00,long,34.61889290994604,35.58027682876587,2010-10-07 00:00:00,time_stop,10,0.5689325963363272,False,1.6722260685120105
2010-09-30 00:00:00,2010-09-27 00:00:00,long,35.06363778281648,36.096673469543454,2010-10-13 00:00:00,time_stop,10,0.6305135291751681,False,1.622543592467082
2010-10-13 00:00:00,2010-10-11 00:00:00,long,36.055424441805336,35.9833230381012,2010-10-26 00:00:00,time_stop,10,-0.05115341749535058,False,1.6050032964386176
2010-10-20 00:00:00,2010-10-18 00:00:00,long,35.9394035371587,36.361159080505374,2010-11-02 00:00:00,time_stop,10,0.24642167076999869,False,1.6709388507108827
2010-11-09 00:00:00,2010-11-05 00:00:00,long,37.309235995715014,35.6581692745671,2010-11-16 00:00:00,stop,6,-1.0060566904243866,False,1.651066721147913
2011-01-21 00:00:00,2011-01-19 00:00:00,long,37.80019518484341,38.65488392829895,2011-02-03 00:00:00,time_stop,10,0.6059801197231157,False,1.3939215429072078
2011-02-07 00:00:00,2011-02-01 00:00:00,long,38.694211372889185,39.360467391967774,2011-02-18 00:00:00,time_stop,10,0.46773656444597633,False,1.4030462208057415
2011-03-23 00:00:00,2011-03-17 00:00:00,short,37.39860958987423,38.54720662879944,2011-04-05 00:00:00,time_stop,10,-0.5596279979834075,False,2.0702985610086557
2011-05-06 00:00:00,2011-05-03 00:00:00,long,39.714515525640635,38.99813796615601,2011-05-19 00:00:00,time_stop,10,-0.4289337443179912,False,1.6934493242996638
2011-05-25 00:00:00,2011-05-23 00:00:00,short,37.65572049423931,39.40871100079519,2011-05-31 00:00:00,stop,4,-1.0057045374533413,False,1.7529905065558822
2011-06-20 00:00:00,2011-06-16 00:00:00,short,37.02974309784462,38.895647036986716,2011-06-30 00:00:00,stop,9,-1.0053593327020884,False,1.8659039391420933
2011-08-16 00:00:00,2011-08-11 00:00:00,short,34.47533963787745,34.327446435928344,2011-08-29 00:00:00,time_stop,10,0.045010357485178454,False,3.063588241762126
2011-08-25 00:00:00,2011-08-19 00:00:00,short,33.31777718735662,32.757665508270264,2011-09-08 00:00:00,time_stop,10,0.17820719895796353,False,3.086921753459116
2011-09-08 00:00:00,2011-09-06 00:00:00,short,32.76669230785336,31.278715953826904,2011-09-21 00:00:00,time_stop,10,0.4987159588647785,False,2.9635633826331897
2011-09-19 00:00:00,2011-09-12 00:00:00,short,31.894947985075955,30.993302627563477,2011-09-30 00:00:00,time_stop,10,0.30850976803633473,False,2.8901689667325705
2011-09-28 00:00:00,2011-09-23 00:00:00,short,31.78770045932964,32.92632889938354,2011-10-11 00:00:00,time_stop,10,-0.39418347348403304,False,2.913943676789966
2012-01-23 00:00:00,2012-01-19 00:00:00,long,34.14232266063602,35.34818468093872,2012-02-03 00:00:00,time_stop,10,0.676155968183667,False,1.7686185977402573
2012-01-25 00:00:00,2012-01-23 00:00:00,long,34.09327758001743,35.39408685874939,2012-02-07 00:00:00,time_stop,10,0.7269514229024974,False,1.775647227676025
2012-01-31 00:00:00,2012-01-26 00:00:00,long,34.40478521210622,35.33506105804443,2012-02-13 00:00:00,time_stop,10,0.5467167792178407,False,1.6832771206598096
2012-02-07 00:00:00,2012-02-03 00:00:00,long,35.25463975141131,35.76135003471374,2012-02-21 00:00:00,time_stop,10,0.3084051728419208,False,1.6105770169978015
2012-02-13 00:00:00,2012-02-09 00:00:00,long,35.395543845917025,35.98431436347961,2012-02-27 00:00:00,time_stop,10,0.36860377328826605,False,1.57016981242338
2012-02-28 00:00:00,2012-02-24 00:00:00,long,36.11730601456611,34.70903240576501,2012-03-06 00:00:00,stop,6,-1.0071008928502987,False,1.4082736088011032
2012-04-13 00:00:00,2012-04-10 00:00:00,short,34.4928734590138,35.34415937232971,2012-04-26 00:00:00,time_stop,10,-0.5248267037569254,False,1.6410862998213958
2012-05-11 00:00:00,2012-05-09 00:00:00,short,33.37432858524712,32.33908406427956,2012-05-22 00:00:00,trailing_stop,8,0.8226668287512696,True,1.5732086947031192
2012-05-30 00:00:00,2012-05-25 00:00:00,short,31.464968407706795,32.06183360481262,2012-06-12 00:00:00,time_stop,10,-0.3731865658801413,False,1.626171069889839
2012-06-08 00:00:00,2012-06-05 00:00:00,short,31.44527452975552,33.08338191672151,2012-06-19 00:00:00,stop,8,-1.0061046058882144,False,1.638107386965988
2012-07-10 00:00:00,2012-07-03 00:00:00,long,33.2790707241792,32.30619599914551,2012-07-23 00:00:00,time_stop,10,-0.6098567550684211,False,1.6116485008408574
2012-08-09 00:00:00,2012-08-07 00:00:00,long,34.84006145233248,35.21872521209717,2012-08-22 00:00:00,time_stop,10,0.22730365677449846,False,1.621899818930025
2012-08-27 00:00:00,2012-08-21 00:00:00,long,35.18247451696243,35.460322645187375,2012-09-10 00:00:00,time_stop,10,0.20536663820708737,False,1.3042436228364096
2012-09-11 00:00:00,2012-09-07 00:00:00,long,35.73977484446931,36.37103899678321,2012-09-20 00:00:00,trailing_stop_gap,8,0.7300378906757248,True,1.3248752870286324
2012-09-21 00:00:00,2012-09-19 00:00:00,long,36.84432801941366,35.52791725182702,2012-09-28 00:00:00,stop,6,-1.007596413100094,False,1.316410767586639
2012-12-14 00:00:00,2012-12-12 00:00:00,long,37.68688803190155,37.99930520439148,2012-12-28 00:00:00,time_stop,10,0.2578490509022714,False,1.1728457848950953
2012-12-26 00:00:00,2012-12-21 00:00:00,long,38.37449321863192,38.79986526489258,2013-01-09 00:00:00,time_stop,10,0.3716396375818387,False,1.117674231315526
2013-01-09 00:00:00,2013-01-04 00:00:00,long,38.7646166671004,39.43080955314636,2013-01-23 00:00:00,time_stop,10,0.565831488033231,False,1.1596966586762747
2013-01-17 00:00:00,2013-01-14 00:00:00,long,39.47410537176626,40.01426173019409,2013-01-31 00:00:00,time_stop,10,0.4776481006276628,False,1.1099308418293177
2012-12-10 00:00:00,2012-12-05 00:00:00,long,37.29075426281756,39.77158213886114,2013-02-04 00:00:00,trailing_stop,38,1.4826226422434865,True,1.2536426827042604
2013-01-29 00:00:00,2013-01-25 00:00:00,long,39.96961694285434,39.6682624835968,2013-02-11 00:00:00,time_stop,10,-0.29907866854543913,False,1.0410453569684606
2013-02-12 00:00:00,2013-02-01 00:00:00,long,39.75562073710007,38.708684601279636,2013-02-25 00:00:00,stop,9,-1.009551681003124,False,1.046936135820431
2013-04-16 00:00:00,2013-04-11 00:00:00,long,40.67875420691622,41.968160238265995,2013-04-29 00:00:00,time_stop,10,0.9264311980399655,False,1.3810049079268865
2013-04-29 00:00:00,2013-04-25 00:00:00,long,41.659766241462854,42.53127118110657,2013-05-10 00:00:00,time_stop,10,0.6168154519234027,False,1.3966980511874354
2013-05-14 00:00:00,2013-05-09 00:00:00,long,42.579336313686035,41.79855590438843,2013-05-28 00:00:00,time_stop,10,-0.6488449265157518,False,1.21875100965039
2013-06-05 00:00:00,2013-06-03 00:00:00,short,40.6012454550727,41.487240211486814,2013-06-18 00:00:00,time_stop,10,-0.5838094459745772,False,1.5347383681303626
2013-06-11 00:00:00,2013-06-06 00:00:00,short,40.36367581047158,39.70302525056135,2013-06-27 00:00:00,trailing_stop_gap,13,0.8133513714616505,True,1.5289444271510249
2013-06-28 00:00:00,2013-06-25 00:00:00,short,39.67917398991635,41.45569040220009,2013-07-11 00:00:00,stop,9,-1.0056289938729834,False,1.7765164122837405
2013-07-15 00:00:00,2013-07-11 00:00:00,long,41.58286889215436,42.08506800270081,2013-07-26 00:00:00,time_stop,10,0.2998775490124261,False,1.6413336449073554
2013-07-22 00:00:00,2013-07-18 00:00:00,long,42.123043914698435,42.687271480560305,2013-08-02 00:00:00,time_stop,10,0.37579440464447483,False,1.4748159073475406
2013-07-30 00:00:00,2013-07-24 00:00:00,long,41.8875855749326,42.687271480560305,2013-08-12 00:00:00,time_stop,10,0.5553705962615736,False,1.4219080213165824
2013-09-26 00:00:00,2013-09-24 00:00:00,long,44.591544760852244,43.333127389597315,2013-10-09 00:00:00,stop,10,-1.0079464891604506,False,1.2584173712549287
2013-10-01 00:00:00,2013-09-26 00:00:00,long,44.3214519245471,44.75691485214234,2013-10-14 00:00:00,time_stop,10,0.34314588974945004,False,1.2398893307621819
2013-10-29 00:00:00,2013-10-25 00:00:00,long,46.05972087314573,44.90595133941391,2013-11-07 00:00:00,stop,8,-1.008667242207077,False,1.1537695337318183
2013-12-17 00:00:00,2013-12-13 00:00:00,short,44.561555864460885,45.747145539456085,2013-12-23 00:00:00,stop_gap,5,-1.10120898048237,False,1.0857064337338471
2014-01-07 00:00:00,2013-12-31 00:00:00,long,46.23215105936216,46.869288160324096,2014-01-21 00:00:00,time_stop,10,0.5579684135403363,False,1.1239652384311896
2014-01-29 00:00:00,2014-01-27 00:00:00,short,44.877938860804164,44.436826646812776,2014-02-03 00:00:00,trailing_stop,4,0.6675321136072949,True,1.2568104255477266
2014-02-21 00:00:00,2014-02-19 00:00:00,long,46.91671208488268,47.49766644096375,2014-03-06 00:00:00,time_stop,10,0.41439520289616394,False,1.3778015577659346
2014-02-27 00:00:00,2014-02-25 00:00:00,long,47.0524461704312,46.429444715499876,2014-03-12 00:00:00,time_stop,10,-0.4678888723417413,False,1.352888457815233
2014-06-12 00:00:00,2014-06-09 00:00:00,long,48.81673316261771,48.800065910339356,2014-06-25 00:00:00,time_stop,10,-0.029737824349774577,False,0.8967452347789191
2014-06-27 00:00:00,2014-06-19 00:00:00,long,48.88740700842231,47.922706882568086,2014-07-10 00:00:00,stop_gap,9,-1.0636110056405987,False,0.916406581621608
2014-07-15 00:00:00,2014-07-10 00:00:00,short,48.604083716869575,48.66272023200989,2014-07-28 00:00:00,time_stop,10,-0.06460215508085312,False,1.0624493107762731
2014-08-12 00:00:00,2014-08-08 00:00:00,short,46.81769666861122,47.99560217896994,2014-08-25 00:00:00,stop,10,-1.0084896453170973,False,1.1779055103587197
2014-08-15 00:00:00,2014-08-12 00:00:00,short,47.21564803642195,47.78912996864319,2014-08-28 00:00:00,time_stop,10,-0.4840021917820936,False,1.2055357230364123
2014-10-22 00:00:00,2014-10-17 00:00:00,short,43.84473321437748,45.59670360742507,2014-10-31 00:00:00,stop_gap,8,-1.0422024166784214,False,1.6906220565704757
2014-12-23 00:00:00,2014-12-17 00:00:00,short,44.60618524797502,43.15201700711724,2015-01-08 00:00:00,trailing_stop,11,0.9814794392035582,True,1.4893348750573026
2015-01-09 00:00:00,2015-01-07 00:00:00,short,42.951216832113744,44.52009692154694,2015-01-22 00:00:00,stop,9,-1.0063739734268746,False,1.5688800894331933
2015-03-05 00:00:00,2015-02-27 00:00:00,long,46.79702770638272,45.42836278827665,2015-03-10 00:00:00,stop_gap,4,-1.025366321551232,False,1.3445584169571205
2015-03-27 00:00:00,2015-03-25 00:00:00,long,47.08164802706322,47.861574361801146,2015-04-10 00:00:00,time_stop,10,0.4927620746638757,False,1.562470762919638
2015-05-01 00:00:00,2015-04-27 00:00:00,long,48.38249314795436,49.36401947975159,2015-05-14 00:00:00,time_stop,10,0.6735807031793908,False,1.442331003859671
2015-06-09 00:00:00,2015-06-05 00:00:00,short,47.10945093619275,48.65879361026463,2015-06-22 00:00:00,stop_gap,10,-1.0237515863047246,False,1.523165087050458
2015-06-12 00:00:00,2015-06-09 00:00:00,short,47.716527731128444,48.35811320114136,2015-06-25 00:00:00,time_stop,10,-0.4047698095947919,False,1.6097679583988835
2015-07-06 00:00:00,2015-06-30 00:00:00,short,46.02374003776012,47.80088376840523,2015-07-14 00:00:00,stop,7,-1.0056270068805129,False,1.7771437306451077
2015-08-31 00:00:00,2015-08-26 00:00:00,short,44.11301367929784,43.37304745101929,2015-09-14 00:00:00,time_stop,10,0.34036370464828203,False,2.1446653045243806
2015-09-04 00:00:00,2015-09-02 00:00:00,short,42.40070365298931,44.693335867729225,2015-09-17 00:00:00,stop,9,-1.0043617986067312,False,2.2926322147399176
2015-09-11 00:00:00,2015-09-04 00:00:00,short,43.33871994546363,41.880464984893806,2015-09-24 00:00:00,time_stop,10,0.6335136348403838,False,2.2860675460200923
2015-09-28 00:00:00,2015-09-24 00:00:00,short,41.8936324170286,44.36552679033873,2015-10-07 00:00:00,stop_gap,8,-1.098718401271849,False,2.2588994326818863
2015-12-18 00:00:00,2015-12-14 00:00:00,short,43.12091026542732,42.88616701698303,2016-01-04 00:00:00,time_stop,10,0.14148376235155133,False,1.5884737916840166
2016-01-06 00:00:00,2016-01-04 00:00:00,short,41.898390162112364,40.18105342345808,2016-01-22 00:00:00,trailing_stop_gap,12,1.2063195197742462,True,1.642712581014166
2016-01-25 00:00:00,2016-01-21 00:00:00,short,40.06727296377375,39.911871774673465,2016-02-05 00:00:00,time_stop,10,0.06457762572689592,False,2.251572235176347
2016-02-11 00:00:00,2016-02-09 00:00:00,short,38.11752474762427,40.42035216409044,2016-02-22 00:00:00,stop,7,-1.0043424878167142,False,2.3028274164661653
2016-02-19 00:00:00,2016-02-12 00:00:00,short,39.70399820274285,41.49915183448792,2016-03-03 00:00:00,time_stop,10,-0.8218212037611543,False,2.1965284218557315
2016-03-09 00:00:00,2016-03-04 00:00:00,long,41.57253937322864,42.46539760971069,2016-03-22 00:00:00,time_stop,10,0.4646468073177171,False,1.900063064198278
2016-03-16 00:00:00,2016-03-11 00:00:00,long,42.03218442100182,42.776608961105346,2016-03-30 00:00:00,time_stop,10,0.37663345767207507,False,1.949971584157474
2016-04-18 00:00:00,2016-04-14 00:00:00,long,43.3888550248168,43.295297088623045,2016-04-29 00:00:00,time_stop,10,-0.05941765825165369,False,1.7428814807064867
2016-04-26 00:00:00,2016-04-21 00:00:00,long,44.097958858083196,42.50752300580871,2016-05-04 00:00:00,stop,7,-1.0062875846175745,False,1.5904358522744886
2016-07-05 00:00:00,2016-06-28 00:00:00,short,41.708283035998306,43.22279536056519,2016-07-18 00:00:00,time_stop,10,-0.6417878132393089,False,2.375414884979172
2016-08-18 00:00:00,2016-08-15 00:00:00,long,44.72681989757415,44.12486104202271,2016-08-31 00:00:00,time_stop,10,-0.4640943978250761,False,1.3186085813992108
2016-09-27 00:00:00,2016-09-22 00:00:00,long,44.53010804678733,44.42735635566712,2016-10-10 00:00:00,time_stop,10,-0.07504071907112068,False,1.5025401210954499
2016-10-17 00:00:00,2016-10-13 00:00:00,short,43.52410563466757,43.74511296844482,2016-10-28 00:00:00,time_stop,10,-0.16828378519820666,False,1.3727248499026103
2016-11-08 00:00:00,2016-11-04 00:00:00,short,43.2190349471603,42.90487982940674,2016-11-21 00:00:00,time_stop,10,0.2558694996215155,False,1.1887118949443902
2016-12-16 00:00:00,2016-12-14 00:00:00,long,44.045891167712774,44.10738702583312,2016-12-30 00:00:00,time_stop,10,0.04486287780215596,False,1.1478500854858353
2017-01-20 00:00:00,2017-01-17 00:00:00,long,45.309006007985275,45.7653367805481,2017-02-02 00:00:00,time_stop,10,0.5041967878784661,False,0.8852312892370264
2017-01-31 00:00:00,2017-01-27 00:00:00,long,45.60712908900362,46.13206616592407,2017-02-13 00:00:00,time_stop,10,0.5686256227215476,False,0.9055819089823416
2017-03-23 00:00:00,2017-03-21 00:00:00,long,47.32940879584346,47.72218756402093,2017-03-30 00:00:00,trailing_stop_gap,6,0.6932390628433976,True,0.9618115286443896
2017-04-05 00:00:00,2017-03-30 00:00:00,long,47.55108978271485,46.94194087219238,2017-04-19 00:00:00,time_stop,10,-0.5245017201528153,False,1.1804516300577106
2017-05-12 00:00:00,2017-05-10 00:00:00,long,49.650862190426636,50.75393550882822,2017-06-08 00:00:00,trailing_stop,19,1.0234942514437113,True,1.0344653407507778
2017-05-19 00:00:00,2017-05-17 00:00:00,long,50.31589162690755,50.75393550882822,2017-06-08 00:00:00,trailing_stop,14,0.6930195776141262,True,1.0829053899299268
2017-05-31 00:00:00,2017-05-25 00:00:00,long,50.70575402121075,50.8614088382721,2017-06-13 00:00:00,time_stop,10,0.15349099430427826,False,0.94894699015763
2017-06-07 00:00:00,2017-06-05 00:00:00,long,51.04972238612764,50.07222672024824,2017-06-15 00:00:00,stop,7,-1.0102302243877506,False,0.9774956658794025
2017-07-19 00:00:00,2017-07-14 00:00:00,long,51.557559917517985,52.25160160827637,2017-08-01 00:00:00,time_stop,10,0.718928712847852,False,0.9514736002805151
2017-07-25 00:00:00,2017-07-20 00:00:00,long,51.82943316042697,52.39911463737488,2017-08-07 00:00:00,time_stop,10,0.5823785803117378,False,0.9610268919030602
2017-07-31 00:00:00,2017-07-27 00:00:00,long,51.96148422825108,51.20346947288513,2017-08-11 00:00:00,time_stop,10,-0.8003971542773168,False,0.9595420864025854
2017-09-15 00:00:00,2017-09-13 00:00:00,long,52.878095397949224,52.85719465637207,2017-09-28 00:00:00,time_stop,10,-0.03372695984568934,False,0.9162029936445748
2017-09-22 00:00:00,2017-09-20 00:00:00,long,53.12666971350133,53.167750207901,2017-10-05 00:00:00,time_stop,10,0.03416432238672295,False,0.9097354265615678
2017-10-18 00:00:00,2017-10-16 00:00:00,long,53.957813040549475,54.06060266113281,2017-10-31 00:00:00,time_stop,10,0.11864865389132896,False,0.7820537152349303
2017-10-23 00:00:00,2017-10-18 00:00:00,long,53.913453157181245,54.192605260849,2017-11-03 00:00:00,time_stop,10,0.35426441045714085,False,0.7597492034846027
2017-11-06 00:00:00,2017-11-01 00:00:00,long,54.2397151184082,53.279791672575485,2017-11-13 00:00:00,stop_gap,6,-1.290017073312009,False,0.7518686891038726
2017-11-17 00:00:00,2017-11-15 00:00:00,short,53.554977149392165,54.646933495968725,2017-11-24 00:00:00,stop_gap,5,-1.2121135945828856,False,0.9091196992603372
2017-11-28 00:00:00,2017-11-24 00:00:00,long,54.59703015199839,54.36340299797058,2017-12-11 00:00:00,time_stop,10,-0.25478021571564363,False,0.9562247733541298
2017-12-21 00:00:00,2017-12-18 00:00:00,long,54.90110466321141,58.34305372214251,2018-01-30 00:00:00,trailing_stop_gap,26,2.287107923866693,True,0.9573985469011745
2018-02-20 00:00:00,2018-02-14 00:00:00,short,55.63257080999183,54.814289199829105,2018-03-05 00:00:00,time_stop,10,0.3896796256326252,False,2.0742208650260423
2018-03-07 00:00:00,2018-03-02 00:00:00,short,54.83183277096099,54.892827289581305,2018-03-20 00:00:00,time_stop,10,-0.03451204861657545,False,2.057093724254166
2018-04-02 00:00:00,2018-03-23 00:00:00,short,54.437190413306325,55.5997044467926,2018-04-13 00:00:00,time_stop,10,-0.5779048867007911,False,2.0289048604175264
2018-06-05 00:00:00,2018-05-31 00:00:00,short,55.07305405989136,54.58652186965943,2018-06-18 00:00:00,time_stop,10,0.318674965885378,False,1.4953549580149144
2018-06-21 00:00:00,2018-06-19 00:00:00,short,53.94197147299878,53.84476476287842,2018-07-05 00:00:00,time_stop,10,0.05917664037214388,False,1.4736678116896158
2018-06-25 00:00:00,2018-06-21 00:00:00,short,53.88791442512579,54.65380860900879,2018-07-09 00:00:00,time_stop,10,-0.49009720726990663,False,1.5831434506740578
2018-07-02 00:00:00,2018-06-28 00:00:00,short,52.84709957154232,54.53842636623108,2018-07-09 00:00:00,stop_gap,5,-1.0485907923126223,False,1.6224887793803262
2018-08-23 00:00:00,2018-08-17 00:00:00,short,53.687760968388574,52.835478939056394,2018-09-06 00:00:00,time_stop,10,0.5990962121694419,False,1.4059211395814302
2018-09-11 00:00:00,2018-09-07 00:00:00,short,52.43078271521227,53.92260706683156,2018-09-18 00:00:00,stop,6,-1.0067032020151339,False,1.491824351619293
2018-10-01 00:00:00,2018-09-26 00:00:00,long,54.67850717228116,53.33808952171495,2018-10-04 00:00:00,stop,4,-1.007460361325275,False,1.3404176505662093
2018-10-17 00:00:00,2018-10-15 00:00:00,short,51.56412031279385,50.04693131767338,2018-10-31 00:00:00,trailing_stop_gap,11,0.9358397806169342,True,1.7168250610943687
2018-12-10 00:00:00,2018-12-06 00:00:00,short,48.41966490561181,46.602593393325805,2018-12-21 00:00:00,time_stop,10,0.8097811986944146,False,2.231555283327758
2018-12-13 00:00:00,2018-12-10 00:00:00,short,49.10620925903321,47.71221354047313,2018-12-28 00:00:00,trailing_stop_gap,11,0.8117943900684598,True,2.2033682489579007
2019-01-02 00:00:00,2018-12-27 00:00:00,short,46.925356228410244,49.1511254006163,2019-01-08 00:00:00,stop,5,-1.004492828872317,False,2.225769172206057
2019-02-11 00:00:00,2019-02-05 00:00:00,long,50.21655987870284,51.52935051152931,2019-03-07 00:00:00,trailing_stop,18,0.8902367804678629,True,1.655017314485434
2019-02-22 00:00:00,2019-02-20 00:00:00,long,51.88166746436142,51.32808288574219,2019-03-07 00:00:00,time_stop,10,-0.3745276475702369,False,1.5047876499251984
2019-03-01 00:00:00,2019-02-26 00:00:00,long,52.31865091561614,52.18543445205688,2019-03-14 00:00:00,time_stop,10,-0.10370246329633846,False,1.3810324172339534
2019-03-26 00:00:00,2019-03-20 00:00:00,long,52.50476834018444,53.617053184509274,2019-04-08 00:00:00,time_stop,10,0.8167279635571484,False,1.349635243936035
2019-04-05 00:00:00,2019-04-03 00:00:00,long,53.53439961520292,53.924409805297856,2019-04-18 00:00:00,time_stop,10,0.30075969915650436,False,1.2635010314237292
2019-04-23 00:00:00,2019-04-17 00:00:00,long,53.971385368805045,53.56853162002564,2019-05-06 00:00:00,time_stop,10,-0.4002241868438808,False,1.0315562186161742
2019-05-09 00:00:00,2019-05-07 00:00:00,short,52.13680307339866,52.36719300270081,2019-05-22 00:00:00,time_stop,10,-0.18159243510852027,False,1.3237882357736481
2019-05-15 00:00:00,2019-05-13 00:00:00,short,51.76456059435893,51.60612769317627,2019-05-29 00:00:00,time_stop,10,0.09621912680084867,False,1.5426548350400822
2019-05-17 00:00:00,2019-05-15 00:00:00,short,52.428130974405725,51.33085890197754,2019-05-31 00:00:00,time_stop,10,0.7084629624483075,False,1.534691480089215
2019-05-31 00:00:00,2019-05-29 00:00:00,short,51.076713730169615,52.89129893871015,2019-06-07 00:00:00,stop_gap,6,-1.2039286496644566,False,1.5155260314214303
2019-06-17 00:00:00,2019-06-11 00:00:00,long,52.822281810569024,54.0075108064664,2019-07-09 00:00:00,trailing_stop_gap,16,0.9987966365139405,True,1.3830113220940632
2019-06-27 00:00:00,2019-06-24 00:00:00,long,54.09365730747686,54.3027567615509,2019-07-11 00:00:00,time_stop,10,0.15322895535757444,False,1.2993592079866687
2019-07-10 00:00:00,2019-07-03 00:00:00,long,54.422587339236614,54.5258392868042,2019-07-23 00:00:00,time_stop,10,0.07237917286920571,False,1.2883809509138544
2019-08-20 00:00:00,2019-08-15 00:00:00,short,51.74718301714065,52.181809066772466,2019-09-03 00:00:00,time_stop,10,-0.2741294852307062,False,1.6219563147598706
2019-09-19 00:00:00,2019-09-16 00:00:00,long,54.4308639029315,52.68481561324164,2019-10-02 00:00:00,stop_gap,10,-1.2605371640948138,False,1.3930952134607395
2019-09-24 00:00:00,2019-09-19 00:00:00,long,54.199389831750175,52.68481561324164,2019-10-02 00:00:00,stop_gap,7,-1.1248941556246346,False,1.355304595446107
2019-10-08 00:00:00,2019-10-03 00:00:00,short,52.699607326885186,54.13115999510552,2019-10-11 00:00:00,stop,4,-1.0069854223473536,False,1.4315526682203341
2019-10-21 00:00:00,2019-10-17 00:00:00,long,55.15834326484456,56.20318470382691,2019-11-01 00:00:00,time_stop,10,0.7179982491371312,False,1.4412868558189302
2019-11-01 00:00:00,2019-10-30 00:00:00,long,56.10076494428084,56.095763160705566,2019-11-14 00:00:00,time_stop,10,-0.011550339742970313,False,1.2988175161171611
2019-11-12 00:00:00,2019-11-08 00:00:00,long,56.49103308408402,56.616319555282594,2019-11-25 00:00:00,time_stop,10,0.0983497367748509,False,1.1722092501629433
2019-12-20 00:00:00,2019-12-18 00:00:00,long,57.93648282433861,58.10641504669189,2020-01-06 00:00:00,time_stop,10,0.14120100142114342,False,1.1326564312123466
2019-12-26 00:00:00,2019-12-20 00:00:00,long,57.986640583425725,58.24846816062927,2020-01-09 00:00:00,time_stop,10,0.2412826689002059,False,1.0437035463483824
2020-01-02 00:00:00,2019-12-30 00:00:00,long,58.49661219893302,58.39051364898682,2020-01-15 00:00:00,time_stop,10,-0.10436245552841882,False,1.1124551387600192
2020-01-08 00:00:00,2020-01-02 00:00:00,long,58.1554924201879,58.457367107391356,2020-01-22 00:00:00,time_stop,10,0.25501116729410594,False,1.1445564925666076
2020-01-30 00:00:00,2020-01-27 00:00:00,short,56.963448603802725,58.22461914463697,2020-02-06 00:00:00,stop,6,-1.0079291417585645,False,1.261170540834243
2020-03-27 00:00:00,2020-03-24 00:00:00,short,43.76971695565306,46.47977887344361,2020-04-09 00:00:00,time_stop,10,-0.4743610652819337,False,5.734159307897443
2020-06-01 00:00:00,2020-05-28 00:00:00,long,50.27872182504008,51.81532555458626,2020-06-11 00:00:00,trailing_stop_gap,9,0.7407629036937387,True,3.1894167885452447
2020-06-16 00:00:00,2020-06-10 00:00:00,long,52.49303553903464,51.677139989852904,2020-06-29 00:00:00,time_stop,10,-0.24204153078188098,False,3.412205940500378
2020-08-17 00:00:00,2020-08-12 00:00:00,long,55.21469853008074,55.490635272979745,2020-08-28 00:00:00,time_stop,10,0.11638703543335167,False,2.2849344165252248
2020-09-29 00:00:00,2020-09-25 00:00:00,short,54.05701540937105,56.03815980148315,2020-10-12 00:00:00,time_stop,10,-0.8613113399921043,False,2.311759174249758
2020-12-09 00:00:00,2020-12-07 00:00:00,long,61.59912955217159,61.23182375907898,2020-12-22 00:00:00,time_stop,10,-0.16989623192912237,False,2.220801419833826
2020-12-14 00:00:00,2020-12-09 00:00:00,long,61.61489736011928,62.42121594810486,2020-12-28 00:00:00,time_stop,10,0.37333904502136317,False,2.1329635852580395
2020-12-23 00:00:00,2020-12-18 00:00:00,long,61.79467855322741,63.453034124867344,2021-01-15 00:00:00,trailing_stop,16,0.8832579134208381,True,2.1348053109726948
2021-01-04 00:00:00,2020-12-30 00:00:00,long,63.695222743908104,63.661932102203366,2021-01-15 00:00:00,time_stop,10,-0.020413353485976313,False,2.12070210484908
2021-01-12 00:00:00,2021-01-08 00:00:00,long,64.1932023564578,64.32081270217896,2021-01-26 00:00:00,time_stop,10,0.054310943256671934,False,2.1654999649946944
2021-01-19 00:00:00,2021-01-14 00:00:00,long,64.19177171913388,62.0252558680197,2021-01-29 00:00:00,stop,9,-1.0046157059016472,False,2.166515851114184
2021-02-19 00:00:00,2021-02-16 00:00:00,long,65.36461079649567,63.32108309043177,2021-02-26 00:00:00,stop,6,-1.004893498615324,False,2.043527706063898
2021-04-07 00:00:00,2021-04-05 00:00:00,long,66.17080056712142,66.51132913970947,2021-04-20 00:00:00,time_stop,10,0.1617040838382907,False,2.0440335503127756
2021-04-21 00:00:00,2021-04-19 00:00:00,long,67.07825971395263,66.57122044372558,2021-05-04 00:00:00,time_stop,10,-0.26601948611994475,False,1.9436142734067516
2021-09-10 00:00:00,2021-09-07 00:00:00,long,71.10066486809939,68.33103446434315,2021-09-20 00:00:00,stop_gap,7,-1.7260008972503464,False,1.610445514938263
2021-09-24 00:00:00,2021-09-20 00:00:00,short,69.60538839408284,67.81333810875799,2021-10-07 00:00:00,trailing_stop,10,0.9327015871804922,True,2.0476586379907076
2021-10-11 00:00:00,2021-10-06 00:00:00,short,67.5300098686748,69.6908755245756,2021-10-20 00:00:00,stop,8,-1.0046277749718926,False,2.160865655900807
2022-01-11 00:00:00,2022-01-05 00:00:00,long,69.1081851503577,66.27477413302385,2022-01-24 00:00:00,stop_gap,9,-1.3774196347190963,False,2.0643026610505046
2022-02-03 00:00:00,2022-01-28 00:00:00,short,67.57416255995554,68.03398473358155,2022-02-16 00:00:00,time_stop,10,-0.1752061064316445,False,2.681539948548007
2022-02-28 00:00:00,2022-02-24 00:00:00,short,64.6722588521988,61.52379575284412,2022-03-09 00:00:00,trailing_stop_gap,8,1.0255233442926848,True,3.2458317337702027
2022-03-10 00:00:00,2022-03-08 00:00:00,short,61.158753439404826,65.18604499952572,2022-03-18 00:00:00,stop,7,-1.0024830583658313,False,4.027291560120894
2022-05-02 00:00:00,2022-04-28 00:00:00,short,60.49635354547098,59.501397045663985,2022-05-16 00:00:00,trailing_stop,11,0.6563159574312036,True,3.11854437585518
2022-05-04 00:00:00,2022-05-02 00:00:00,short,60.76061449125476,59.501397045663985,2022-05-16 00:00:00,trailing_stop,9,0.7114867960007799,True,3.1915777151135245
2022-05-18 00:00:00,2022-05-12 00:00:00,short,59.89474177718377,61.31555074882507,2022-06-01 00:00:00,time_stop,10,-0.403648683853054,False,3.544688807067132
2022-06-22 00:00:00,2022-06-17 00:00:00,short,55.794235893279684,55.506426630020144,2022-07-06 00:00:00,time_stop,10,0.0808974259041694,False,3.4340927434283373
2022-06-28 00:00:00,2022-06-23 00:00:00,short,57.33963107755373,55.488332107543954,2022-07-12 00:00:00,time_stop,10,0.5520579874375767,False,3.3353361637901884
2022-07-11 00:00:00,2022-07-05 00:00:00,short,55.66763843513507,57.36117052459717,2022-07-22 00:00:00,time_stop,10,-0.5346259661356773,False,3.186399833467462
2022-08-04 00:00:00,2022-08-01 00:00:00,long,59.03449741493929,59.48210396385193,2022-08-17 00:00:00,time_stop,10,0.15643891506647842,False,2.7972998197199104
2022-10-05 00:00:00,2022-09-30 00:00:00,short,52.81909612737292,51.56330333515056,2022-10-13 00:00:00,trailing_stop,7,0.6902820156523586,True,3.288608193765313
2022-10-19 00:00:00,2022-10-13 00:00:00,short,51.77010994830096,54.08596654129029,2022-11-01 00:00:00,time_stop,10,-0.7050750656262913,False,3.298736129497584
2022-11-10 00:00:00,2022-11-08 00:00:00,long,57.224942095091535,59.906913578033446,2022-11-23 00:00:00,time_stop,10,0.7696704110270304,False,3.4715788013423747
2022-11-22 00:00:00,2022-11-18 00:00:00,long,58.8526777184163,60.132870946884154,2022-12-06 00:00:00,time_stop,10,0.4127634937168862,False,3.077290622360792
2022-12-08 00:00:00,2022-12-05 00:00:00,long,60.43615479114692,60.07450094604492,2022-12-21 00:00:00,time_stop,10,-0.13699916077115776,False,2.7128184071346624
