direction,entry_date,entry_price,initial_stop,initial_risk,shares_total,shares_remaining,first_target,current_stop,setup_date,is_free_bar_trigger,first_target_hit,highest_high,lowest_low,bars_held,realized_pnl,exit_date,exit_price_final,exit_reason,r_multiple,is_closed
long,2000-03-21 00:00:00,92.82036786826772,86.2783638059037,6.542004062364029,76,0,99.36237193063175,86.2783638059037,2000-03-17 00:00:00,False,False,98.09476116647748,92.82036786826772,10,181.07752872124735,2000-04-03 00:00:00,95.2129669303894,time_stop,0.36420018077162364,True
long,2000-03-31 00:00:00,95.70375599970585,89.24435460039032,6.459401399315524,77,0,102.16315739902137,89.24435460039032,2000-03-28 00:00:00,False,False,95.9298144663163,95.70375599970585,3,-498.1439077472954,2000-04-04 00:00:00,89.24435460039032,stop,-1.0015481310700183,True
short,2000-04-20 00:00:00,89.74933078849159,97.19242398008485,7.443093191593263,66,0,82.30623759689833,97.19242398008485,2000-04-17 00:00:00,False,False,89.74933078849159,88.03731319874684,10,24.949960588113836,2000-05-04 00:00:00,89.36130108261108,time_stop,0.050789328596273005,True
short,2000-08-03 00:00:00,90.18770202833225,94.4685424221009,4.280840393768642,116,0,85.90686163456361,94.4685424221009,2000-07-28 00:00:00,False,False,90.18770202833225,90.03987577806396,9,-497.7374856771625,2000-08-15 00:00:00,94.4685424221009,stop,-1.002335989917904,True
short,2000-09-20 00:00:00,91.56129115462991,95.32724138568543,3.7659502310555126,131,0,87.7953409235744,95.32724138568543,2000-09-18 00:00:00,False,False,91.56129115462991,89.94965642842891,10,172.81735663432534,2000-10-03 00:00:00,90.23207469177247,time_stop,0.3503010878844509,True
short,2000-09-26 00:00:00,90.93829420734319,94.95005007636213,4.011755869018941,123,0,86.92653833832425,94.95005007636213,2000-09-22 00:00:00,False,False,90.93829420734319,88.20918706485205,10,280.3474889749227,2000-10-09 00:00:00,88.64904632949829,time_stop,0.5681422180862369,True
short,2000-10-17 00:00:00,86.48829737545515,91.58573742963875,5.097440054183608,97,0,81.39085732127154,91.58573742963875,2000-10-13 00:00:00,False,False,86.48829737545515,82.37471686173195,10,-243.1907937562663,2000-10-30 00:00:00,88.9854189605713,time_stop,-0.4918393465085449,True
short,2000-10-25 00:00:00,87.80362205620808,93.39401149023455,5.590389434026463,89,0,82.21323262218162,93.39401149023455,2000-10-18 00:00:00,False,False,87.80362205620808,84.82715390052324,10,-287.46670700862,2000-11-07 00:00:00,91.02358505630494,time_stop,-0.5777706612776137,True
short,2000-11-16 00:00:00,87.1607881144734,92.6307735111871,5.469985396713696,90,0,81.69080271775971,92.6307735111871,2000-11-13 00:00:00,False,False,87.1607881144734,82.11759930346386,10,305.039143803583,2000-11-30 00:00:00,83.7614642944336,time_stop,0.619622096628645,True
short,2000-12-29 00:00:00,84.1547907516861,89.99021967423779,5.835428922551699,85,0,78.3193618291344,89.99021967423779,2000-12-21 00:00:00,False,False,84.1547907516861,80.98075959614214,10,25.93036885776535,2001-01-12 00:00:00,83.83972758865356,time_stop,0.052277761768904626,True
short,2001-02-28 00:00:00,79.6578094572086,84.76020595280397,5.102396495595372,97,0,74.55541296161323,84.76020595280397,2001-02-26 00:00:00,False,False,79.6578094572086,74.6118349424874,10,331.4632838592435,2001-03-13 00:00:00,76.23066220092774,time_stop,0.6697141743552668,True
short,2001-03-09 00:00:00,80.04233551483263,84.97972395064127,4.937388435808643,100,0,75.10494707902399,72.51897127747554,2001-03-02 00:00:00,False,True,80.04233551483263,68.77195646438409,11,622.0376336582865,2001-03-23 00:00:00,72.51897127747554,trailing_stop,1.259851522207427,True
short,2001-03-28 00:00:00,73.36047719155529,79.01373582759696,5.65325863604167,88,0,67.70721855551362,79.01373582759696,2001-03-23 00:00:00,False,False,73.36047719155529,69.57397172824015,10,-82.65137759601475,2001-04-10 00:00:00,74.28969739151,time_stop,-0.1661378437502979,True
short,2001-04-06 00:00:00,71.59095490175818,77.57164902411698,5.980694122358798,83,0,65.61026077939938,77.57164902411698,2001-04-04 00:00:00,False,False,71.59095490175818,71.33083281616989,8,-497.22761215578026,2001-04-18 00:00:00,77.57164902411698,stop,-1.0016720467215694,True
long,2001-04-25 00:00:00,78.72833398249111,72.96580201785835,5.762531964632757,86,0,84.49086594712386,72.96580201785835,2001-04-19 00:00:00,False,False,81.28000452953268,78.72833398249111,10,132.4684980944492,2001-05-08 00:00:00,80.27866535568238,time_stop,0.2673011416934386,True
short,2001-06-19 00:00:00,77.16312537047597,81.1712276693734,4.008102298897427,124,0,73.15502307157854,81.1712276693734,2001-06-15 00:00:00,False,False,77.16312537047597,76.96607266876237,10,-263.50996321625394,2001-07-02 00:00:00,79.27820571899414,time_stop,-0.5301961352390524,True
short,2001-07-16 00:00:00,76.97801557544736,80.87529328916979,3.8972777137224313,127,0,73.08073786172493,80.87529328916979,2001-07-11 00:00:00,False,False,76.97801557544736,74.52759679194979,10,-24.10739623916908,2001-07-27 00:00:00,77.15783759307861,time_stop,-0.04870631029523085,True
short,2001-09-05 00:00:00,72.34997893304184,76.12973436718984,3.779755434148001,131,0,68.57022349889384,67.00116997891449,2001-08-30 00:00:00,False,True,72.34997893304184,63.835193379177966,5,863.679576277091,2001-09-17 00:00:00,67.00116997891449,trailing_stop,1.7442858353074233,True
short,2001-10-05 00:00:00,68.37974092440082,73.78706061025493,5.407319685854105,92,0,62.972421238546715,73.78706061025493,2001-09-27 00:00:00,False,False,68.37974092440082,67.6116467124963,10,-45.42240159025657,2001-10-18 00:00:00,68.86346268081665,time_stop,-0.09130618959101679,True
short,2002-02-04 00:00:00,72.09979482835966,75.68106481035353,3.58126998199387,140,0,68.51852484636579,75.68106481035353,2002-01-30 00:00:00,False,False,72.09979482835966,69.43869648520239,10,106.01906336964575,2002-02-15 00:00:00,71.33251580429076,time_stop,0.21145544119164217,True
short,2002-02-15 00:00:00,71.72688457462789,75.24021335890006,3.5133287842721757,143,0,68.21355579035571,75.24021335890006,2002-02-06 00:00:00,False,False,71.72688457462789,69.32297090632451,10,-207.1925698807937,2002-03-01 00:00:00,73.16578366470337,time_stop,-0.41240065449087643,True
long,2002-03-15 00:00:00,74.87877480468151,71.43823804282302,3.440536761858496,145,0,78.31931156654001,71.43823804282302,2002-03-08 00:00:00,False,False,75.91790175439992,74.87877480468151,10,-157.18191571339548,2002-03-28 00:00:00,73.80476159286499,time_stop,-0.31507095748366964,True
short,2002-05-03 00:00:00,69.47574090107928,72.92873064505915,3.4529897439798702,145,0,66.0227511570994,72.92873064505915,2002-04-30 00:00:00,False,False,69.47574090107928,67.63879694925485,10,-250.72980086511092,2002-05-16 00:00:00,71.19491194152832,time_stop,-0.5007750293680343,True
short,2002-05-10 00:00:00,69.34681157401751,73.09601307095583,3.7492014969383263,133,0,65.59761007707918,73.09601307095583,2002-05-07 00:00:00,False,False,69.34681157401751,68.0901188204215,10,-224.81998953064002,2002-05-23 00:00:00,71.02718743515014,time_stop,-0.4508629004104012,True
short,2002-06-06 00:00:00,67.26414758913607,70.83655051297903,3.572402923842958,139,0,63.691744665293115,66.02067191111074,2002-06-04 00:00:00,False,True,67.26414758913607,63.51211813432565,8,332.1490992069375,2002-06-17 00:00:00,66.02067191111074,trailing_stop,0.6688948351401461,True
short,2002-06-11 00:00:00,66.40654889531143,70.06556462454273,3.6590157292312995,136,0,62.74753316608013,70.06556462454273,2002-06-07 00:00:00,False,False,66.40654889531143,62.925560523495705,10,243.26625874062518,2002-06-24 00:00:00,64.60782640457154,time_stop,0.48885345762524857,True
short,2002-06-14 00:00:00,64.66919203040938,68.43202269558701,3.7628306651776313,132,0,60.906361365231746,68.43202269558701,2002-06-12 00:00:00,False,False,64.66919203040938,61.59266321169582,10,38.39521379772844,2002-06-27 00:00:00,64.3683191986084,time_stop,0.07730160022687117,True
short,2002-06-19 00:00:00,66.726017098715,70.6014822934409,3.8754651947258907,129,0,62.850551903989114,64.42475683999088,2002-06-14 00:00:00,False,True,66.726017098715,61.59266321169582,8,476.4126812520767,2002-06-28 00:00:00,64.42475683999088,trailing_stop,0.9529492266166075,True
short,2002-07-01 00:00:00,63.960316407743235,68.29015050492347,4.329834097180239,116,0,59.630482310562996,60.19625749227954,2002-06-27 00:00:00,False,True,63.960316407743235,56.86918928220526,12,468.285794733348,2002-07-17 00:00:00,60.19625749227954,trailing_stop,0.9323559322864093,True
short,2002-07-09 00:00:00,63.106183756462926,67.69768990585013,4.5915061493872,109,0,58.514677607075726,60.19625749227954,2002-07-03 00:00:00,False,True,63.106183756462926,56.86918928220526,7,406.89727659699486,2002-07-17 00:00:00,60.19625749227954,trailing_stop,0.813023529999046,True
short,2002-08-01 00:00:00,57.72916429008303,63.70712253088933,5.977958240806302,85,0,51.751206049276725,63.70712253088933,2002-07-25 00:00:00,False,False,57.72916429008303,54.060991868809694,10,-168.4353621823906,2002-08-14 00:00:00,59.700756786346446,time_stop,-0.33148316138055584,True
short,2002-09-27 00:00:00,54.8682822064168,59.43446099077941,4.566178784362606,111,0,50.302103422054195,53.496475656410176,2002-09-25 00:00:00,False,True,54.8682822064168,50.09167304156996,11,326.8509999403143,2002-10-11 00:00:00,53.496475656410176,trailing_stop,0.6448726040141095,True
short,2002-10-03 00:00:00,53.66587190226914,58.469536314148364,4.803664411879225,105,0,48.86220749038991,58.469536314148364,2002-09-30 00:00:00,False,False,53.66587190226914,50.09167304156996,10,-275.6740012756873,2002-10-16 00:00:00,56.28133858108521,time_stop,-0.5465549742241402,True
short,2003-02-04 00:00:00,55.709718194932364,59.275959346054826,3.566241151122462,142,0,52.1434770438099,59.275959346054826,2003-01-31 00:00:00,False,False,55.709718194932364,52.90467532270208,10,-36.49170162615373,2003-02-18 00:00:00,55.95670200920105,time_stop,-0.07206013373150703,True
short,2003-02-12 00:00:00,54.079928187675904,57.59779198206941,3.517863794393506,144,0,50.5620643932824,57.59779198206941,2003-02-10 00:00:00,False,False,54.079928187675904,52.90467532270208,10,-46.797820405821824,2003-02-26 00:00:00,54.39491305160522,time_stop,-0.09238130948880212,True
short,2003-02-19 00:00:00,55.09884020464749,58.59986907139144,3.501028866743951,145,0,51.597811337903536,58.59986907139144,2003-02-13 00:00:00,False,False,55.09884020464749,53.70149992858987,10,147.04702017986682,2003-03-04 00:00:00,54.07472282409668,time_stop,0.28966267321696254,True
short,2003-03-17 00:00:00,54.419557363172906,58.08831486483699,3.668757501664082,138,0,50.750799861508824,58.08831486483699,2003-03-12 00:00:00,False,False,54.419557363172906,54.35465251340771,5,-527.6472417318532,2003-03-21 00:00:00,58.23308810036025,stop_gap,-1.0421868263173726,True
long,2003-03-25 00:00:00,57.82024468996712,54.06170659294972,3.7585380970174,134,0,61.57878278698452,54.06170659294972,2003-03-21 00:00:00,False,False,59.577416425574775,57.82024468996712,10,-15.795096652615282,2003-04-07 00:00:00,57.71237083435059,time_stop,-0.03136162320931937,True
long,2003-04-09 00:00:00,58.15470314801052,54.53659935052325,3.6181037974872723,139,0,61.77280694549779,54.53659935052325,2003-04-07 00:00:00,False,False,60.56105067555781,58.15470314801052,10,313.3952059308717,2003-04-23 00:00:00,60.419344917297366,time_stop,0.623155634963449,True
long,2003-06-04 00:00:00,64.18128199045427,61.106344898499806,3.0749370919544603,164,0,67.25621908240873,61.106344898499806,2003-06-02 00:00:00,False,False,67.00736879608179,64.18128199045427,10,400.4472301585176,2003-06-17 00:00:00,66.63303339385986,time_stop,0.7940817422881304,True
long,2003-06-10 00:00:00,65.00756288437935,61.94061019468944,3.066952689689913,165,0,68.07451557406927,61.94061019468944,2003-06-06 00:00:00,False,False,67.00736879608179,65.00756288437935,10,-45.40934128132826,2003-06-23 00:00:00,64.7423547554016,time_stop,-0.08973341189869224,True
long,2003-06-16 00:00:00,66.08959973954614,62.957515363349664,3.132084376196481,161,0,69.22168411574262,62.957515363349664,2003-06-12 00:00:00,False,False,67.00736879608179,66.08959973954614,10,-298.9982913776287,2003-06-27 00:00:00,64.2424674949646,time_stop,-0.5929381273044745,True
long,2003-06-25 00:00:00,65.23573473747518,62.20624059543727,3.029494142037912,168,0,68.2652288795131,62.20624059543727,2003-06-18 00:00:00,False,False,66.73605288898834,65.23573473747518,10,154.14673039445205,2003-07-09 00:00:00,66.16327479934692,time_stop,0.3028690662047354,True
long,2003-09-08 00:00:00,68.17106656239508,65.5792926240731,2.591773938321978,196,0,70.76284050071706,65.5792926240731,2003-09-03 00:00:00,False,False,69.10639231717725,68.17106656239508,10,54.22412559978685,2003-09-19 00:00:00,68.45772026443481,time_stop,0.1067429909488348,True
long,2003-12-26 00:00:00,72.95775783671364,70.94587839902455,2.011879437689089,252,0,74.96963727440273,75.84048256780537,2003-12-23 00:00:00,False,True,77.33209933354564,72.95775783671364,22,614.2001252663829,2004-01-28 00:00:00,75.84048256780537,trailing_stop,1.211455338094202,True
long,2004-02-02 00:00:00,75.50674004764332,73.15374066819614,2.3529993794471835,217,0,77.8597394270905,73.15374066819614,2004-01-27 00:00:00,False,False,77.25906785758934,75.50674004764332,10,188.29295055876966,2004-02-13 00:00:00,76.3844494972229,time_stop,0.36876739414331866,True
short,2004-03-15 00:00:00,74.04622382623714,76.70168903886362,2.6554652126264813,193,0,71.39075861361066,76.70168903886362,2004-03-11 00:00:00,False,False,74.04622382623714,72.50732942124804,10,7.669993858665542,2004-03-26 00:00:00,73.99648292541504,time_stop,0.014965701916612237,True
short,2004-03-18 00:00:00,74.39135570255965,77.05018128963842,2.6588255870787663,192,0,71.73253011548088,77.05018128963842,2004-03-15 00:00:00,False,False,74.39135570255965,72.50732942124804,10,-190.979473907374,2004-03-31 00:00:00,75.37604046249389,time_stop,-0.37410681045351796,True
short,2004-05-12 00:00:00,72.80707220234044,75.75777973373727,2.95070753139683,173,0,69.8563646709436,75.75777973373727,2004-05-10 00:00:00,False,False,72.80707220234044,71.98113487102329,10,-302.0490911636844,2004-05-25 00:00:00,74.54302070617676,time_stop,-0.5917050352360116,True
short,2004-05-14 00:00:00,73.00694983431738,75.92885182464025,2.9219019903228656,175,0,70.08504784399452,75.92885182464025,2004-05-12 00:00:00,False,False,73.00694983431738,72.21426098148304,10,-389.51375526704214,2004-05-27 00:00:00,75.22274272155762,time_stop,-0.7617616520375805,True
short,2004-07-26 00:00:00,72.6450814835299,75.09685798039675,2.4517764968668416,207,0,70.19330498666307,75.09685798039675,2004-07-22 00:00:00,False,False,72.6450814835299,71.28116447029647,10,241.03807088326357,2004-08-06 00:00:00,71.47064635848999,time_stop,0.47493526694948257,True
short,2004-07-28 00:00:00,72.83226059112386,75.35305797461707,2.5207973834932176,201,0,70.31146320763064,75.35305797461707,2004-07-26 00:00:00,False,False,72.83226059112386,71.28116447029647,10,65.97113559461225,2004-08-10 00:00:00,72.49404598617554,time_stop,0.13020269185359645,True
short,2004-08-11 00:00:00,71.68904051936401,74.1966049966817,2.507564477317686,203,0,69.18147604204633,74.1966049966817,2004-08-09 00:00:00,False,False,71.68904051936401,71.26108778922035,10,-432.9341570649864,2004-08-24 00:00:00,73.81172109603882,time_stop,-0.8504987991200588,True
long,2004-10-06 00:00:00,76.65974354941358,74.66780000155805,1.9919435478555272,254,0,78.6516870972691,74.66780000155805,2004-10-04 00:00:00,False,False,76.98884582519531,76.65974354941358,7,-508.4936611553039,2004-10-14 00:00:00,74.66780000155805,stop,-1.0050202225915317,True
long,2004-10-13 00:00:00,75.8709944027167,73.777694223666,2.0933001790507006,242,0,77.9642945817674,73.777694223666,2004-10-06 00:00:00,False,False,75.90798773419681,75.8709944027167,6,-508.99864333026954,2004-10-20 00:00:00,73.777694223666,stop,-1.0047771457242864,True
long,2004-11-23 00:00:00,79.55324530352405,77.33755870552068,2.215686598003373,226,0,81.76893190152742,77.33755870552068,2004-11-19 00:00:00,False,False,80.89334973710564,79.55324530352405,10,-18.811658315369737,2004-12-07 00:00:00,79.48000787734985,time_stop,-0.03756732845214225,True
long,2004-12-09 00:00:00,80.02454342744116,77.80462253941609,2.2199208880250723,226,0,82.24446431546623,77.80462253941609,2004-12-03 00:00:00,False,False,81.9113658211713,80.02454342744116,10,353.7800656320627,2004-12-22 00:00:00,81.59994194793701,time_stop,0.7051595977766991,True
long,2004-12-16 00:00:00,81.56646872010202,79.42861787166814,2.137850848433885,234,0,83.70431956853591,79.42861787166814,2004-12-14 00:00:00,False,False,82.24289308134837,81.56646872010202,10,76.70221469113264,2004-12-30 00:00:00,81.90425596237182,time_stop,0.1533255898136781,True
long,2005-03-11 00:00:00,82.21553882411044,79.95852348669119,2.257015337419247,223,0,84.47255416152969,79.95852348669119,2005-03-07 00:00:00,False,False,82.34438083468328,82.21553882411044,8,-505.54442024449213,2005-03-22 00:00:00,79.95852348669119,stop,-1.004430630060066,True
short,2005-04-20 00:00:00,77.96838505943353,80.56354966198867,2.595164602555144,193,0,75.37322045687839,80.56354966198867,2005-04-18 00:00:00,False,False,77.96838505943353,77.11905030033778,10,-245.43090930981623,2005-05-03 00:00:00,79.23004780197144,time_stop,-0.4900123642584581,True
short,2005-04-22 00:00:00,77.66274707493362,80.4653043975216,2.8025573225879867,179,0,74.86018975234563,80.4653043975216,2005-04-20 00:00:00,False,False,77.66274707493362,77.40430932051099,10,-386.9455277220148,2005-05-05 00:00:00,79.81445393371582,time_stop,-0.7713336820479391,True
long,2005-07-19 00:00:00,83.68655059655252,81.59094218154495,2.0956084150075753,238,0,85.7821590115601,81.59094218154495,2005-07-14 00:00:00,False,False,84.99262601803045,83.68655059655252,10,137.7605966008208,2005-08-01 00:00:00,84.27537663269042,time_stop,0.2762090627202459,True
short,2005-10-10 00:00:00,81.5611182763744,84.0696601359392,2.508541859564801,199,0,79.0525764168096,84.0696601359392,2005-10-06 00:00:00,False,False,81.5611182763744,80.0403077830087,10,122.25180734228556,2005-10-21 00:00:00,80.93678758621216,time_stop,0.2448955307721344,True
short,2005-10-12 00:00:00,81.0063935019134,83.5514481303015,2.545054628388101,196,0,78.46133887352529,83.5514481303015,2005-10-10 00:00:00,False,False,81.0063935019134,80.0403077830087,10,-201.8329416028793,2005-10-25 00:00:00,82.02615340805053,time_stop,-0.40461210327313607,True
short,2005-10-18 00:00:00,81.09544550597415,83.61661437378837,2.521168867814211,198,0,78.57427663815994,83.61661437378837,2005-10-13 00:00:00,False,False,81.09544550597415,80.20468964386176,10,-241.88180308463438,2005-10-31 00:00:00,82.30707077407837,time_stop,-0.48454718115067474,True
long,2005-12-01 00:00:00,86.66186080398153,84.22678449568009,2.435076308301433,204,0,89.09693711228296,84.22678449568009,2005-11-29 00:00:00,False,False,87.71698328612109,86.66186080398153,10,165.16138127829683,2005-12-14 00:00:00,87.48147541809082,time_stop,0.3324801819759144,True
long,2005-12-12 00:00:00,86.83991061162345,84.53014240541766,2.3097682062057885,215,0,89.14967881782924,84.53014240541766,2005-12-06 00:00:00,False,False,87.71698328612109,86.83991061162345,10,80.15493078123203,2005-12-23 00:00:00,87.22272424316407,time_stop,0.16140737868802332,True
long,2006-01-11 00:00:00,88.83226162093315,86.7093138933404,2.1229477275927593,235,0,90.95520934852591,86.7093138933404,2006-01-09 00:00:00,False,False,89.11140428104028,88.83226162093315,10,-501.24271598429846,2006-01-25 00:00:00,86.7093138933404,stop,-1.0047104315711717,True
long,2006-01-18 00:00:00,88.42917825344162,86.29273429463579,2.1364439588058275,233,0,90.56562221224745,86.29273429463579,2006-01-11 00:00:00,False,False,88.73962544717084,88.42917825344162,10,-164.78885186903577,2006-01-31 00:00:00,87.7319299621582,time_stop,-0.3310399453111488,True
short,2006-05-30 00:00:00,88.11175366394329,91.04499218737001,2.9332385234267235,169,0,85.17851514051657,91.04499218737001,2006-05-24 00:00:00,False,False,88.11175366394329,85.58135396447294,10,398.8487370653035,2006-06-12 00:00:00,85.74170196533203,time_stop,0.8045890846456493,True
short,2006-06-12 00:00:00,86.57735563153454,89.83887024851013,3.261514616975589,152,0,83.31584101455896,89.83887024851013,2006-06-08 00:00:00,False,False,86.57735563153454,84.55843263121722,10,20.387867821864443,2006-06-23 00:00:00,86.43322492218017,time_stop,0.041125282301739646,True
short,2006-06-19 00:00:00,86.38395262587946,89.79358791875634,3.409635292876885,146,0,82.97431733300257,89.79358791875634,2006-06-14 00:00:00,False,False,86.38395262587946,85.77217973922201,10,-296.65177776661926,2006-06-30 00:00:00,88.40581411743165,time_stop,-0.595917544552925,True
long,2006-10-09 00:00:00,94.22303003624052,92.07462407744988,2.148405958790633,231,0,96.37143599503115,92.07462407744988,2006-10-05 00:00:00,False,False,95.785861961026,94.22303003624052,10,262.30196646700443,2006-10-20 00:00:00,95.36853638458253,time_stop,0.5285343506406966,True
long,2006-10-18 00:00:00,95.56575705486128,93.44941299151208,2.116344063349203,235,0,97.68210111821048,93.44941299151208,2006-10-16 00:00:00,False,False,96.9224156868885,95.56575705486128,10,106.90527228719667,2006-10-31 00:00:00,96.03067310714722,time_stop,0.2149537309004565,True
long,2006-10-03 00:00:00,93.33744193827181,91.16754103593378,2.1699009023380285,228,0,95.50734284060984,95.5566162630547,2006-09-27 00:00:00,False,True,96.9224156868885,93.33744193827181,22,498.0745758917857,2006-11-01 00:00:00,95.5566162630547,trailing_stop,1.0067453362532197,True
long,2006-10-20 00:00:00,95.46417017732738,93.42473602900756,2.0394341483198133,244,0,97.50360432564719,93.42473602900756,2006-10-18 00:00:00,False,False,96.9224156868885,95.46417017732738,10,-35.96723945440118,2006-11-02 00:00:00,95.32676345825196,time_stop,-0.07227824403982626,True
long,2006-10-31 00:00:00,96.38458389504834,94.33268181434325,2.0519020807050907,243,0,98.43648597575343,94.33268181434325,2006-10-27 00:00:00,False,False,97.02009771632432,96.38458389504834,10,45.36483855895026,2006-11-13 00:00:00,96.58127047348023,time_stop,0.09098220630866721,True
long,2006-11-20 00:00:00,97.93953614475615,95.68313022416378,2.256405920592371,221,0,100.19594206534852,95.68313022416378,2006-11-16 00:00:00,False,False,98.7004808159069,97.93953614475615,10,115.00498841117529,2006-12-04 00:00:00,98.46992070770264,time_stop,0.23062541991995777,True
long,2006-12-20 00:00:00,99.97860963751693,97.78344412187488,2.1951655156420458,228,0,102.17377515315897,97.78344412187488,2006-12-18 00:00:00,False,False,100.16895937094635,99.97860963751693,10,-341.0121453793716,2007-01-05 00:00:00,98.49294233322144,time_stop,-0.681346027731323,True
short,2007-03-16 00:00:00,97.30221047724207,100.70386690676021,3.401656429518141,146,0,93.90055404772393,100.70386690676021,2007-03-14 00:00:00,False,False,97.30221047724207,97.229513163247,4,-498.1018387096486,2007-03-21 00:00:00,100.70386690676021,stop,-1.0029397442708277,True
short,2007-03-13 00:00:00,98.25580155781259,101.60972116289516,3.3539196050825666,148,0,94.90188195273002,101.60972116289516,2007-03-06 00:00:00,False,False,98.25580155781259,95.88480439925968,10,-386.3057132547713,2007-03-26 00:00:00,100.8559752960205,time_stop,-0.7782457678032677,True
long,2007-04-20 00:00:00,104.34942661054872,101.51795673121659,2.8314698793321327,174,0,107.18089648988085,101.51795673121659,2007-04-18 00:00:00,False,False,105.87402556011632,104.34942661054872,10,248.20937154064515,2007-05-03 00:00:00,105.78591725158691,time_stop,0.5037986282144952,True
long,2007-05-02 00:00:00,105.23934314001545,102.48381010130663,2.755533038708819,179,0,107.99487617872427,102.48381010130663,2007-04-30 00:00:00,False,False,107.57757061998022,105.23934314001545,10,123.74901052009014,2007-05-15 00:00:00,105.94067839431763,time_stop,0.25088984403036724,True
long,2007-05-09 00:00:00,106.26006197705655,103.59431610476288,2.6657458722936695,186,0,108.92580784935022,103.59431610476288,2007-05-07 00:00:00,False,False,107.86617424044154,106.26006197705655,10,180.84692009768136,2007-05-22 00:00:00,107.24235724639892,time_stop,0.36473666880548805,True
long,2007-05-14 00:00:00,106.26713924813427,103.5066185141535,2.760520733980769,179,0,109.02765998211504,103.5066185141535,2007-05-09 00:00:00,False,False,108.05626635835452,106.26713924813427,10,80.83314531227039,2007-05-25 00:00:00,106.72872106552126,time_stop,0.1635857364982687,True
long,2007-05-29 00:00:00,107.03441676893425,104.35857094689645,2.6758458220378003,186,0,109.71026259097205,104.35857094689645,2007-05-23 00:00:00,False,False,108.68980447044302,107.03441676893425,10,-109.75617131974444,2007-06-11 00:00:00,106.45432982635498,time_stop,-0.2205235210935615,True
short,2007-08-03 00:00:00,102.67640443539987,107.50397147451058,4.827567039110704,103,0,97.84883739628917,100.90799187860453,2007-08-01 00:00:00,False,True,102.67640443539987,96.85679535806396,10,337.1333719480036,2007-08-16 00:00:00,100.90799187860453,trailing_stop,0.6780101668103847,True
short,2007-08-09 00:00:00,104.14696737986375,109.6397134379065,5.492746058042741,90,0,98.65422132182101,100.90799187860453,2007-08-06 00:00:00,False,True,104.14696737986375,96.85679535806396,6,392.02747016858825,2007-08-16 00:00:00,100.90799187860453,trailing_stop,0.7930206009201757,True
long,2007-09-21 00:00:00,108.49251954979195,103.57052893979868,4.921990609993273,101,0,113.41451015978522,103.57052893979868,2007-09-19 00:00:00,False,False,109.92478292321012,108.49251954979195,10,85.74867911176001,2007-10-04 00:00:00,109.35151637268066,time_stop,0.17249054095409447,True
long,2007-10-09 00:00:00,110.538520592827,106.57030205197127,3.9682185408557302,126,0,114.50673913368273,106.57030205197127,2007-10-05 00:00:00,False,False,111.89244383457869,110.538520592827,9,-501.255536147822,2007-10-19 00:00:00,106.57030205197127,stop,-1.0025200224980158,True
long,2007-10-17 00:00:00,110.09809285421026,106.06783105952023,4.030261794690034,124,0,114.1283546489003,106.06783105952023,2007-10-11 00:00:00,False,False,111.15362027762876,110.09809285421026,4,-541.5362639784779,2007-10-22 00:00:00,105.74086491889996,stop_gap,-1.083608995590369,True
short,2007-11-15 00:00:00,104.10419560036671,109.51414182521417,5.4099462248474595,91,0,98.69424937551925,109.51414182521417,2007-11-12 00:00:00,False,False,104.10419560036671,99.91609243018988,10,-46.00766718639274,2007-11-29 00:00:00,104.59977436065674,time_stop,-0.09345356483728921,True
short,2007-11-26 00:00:00,101.34518529204443,107.02122310225485,5.676037810210417,87,0,95.66914748183402,107.02122310225485,2007-11-21 00:00:00,False,False,101.34518529204443,99.91609243018988,9,-494.6852894883063,2007-12-06 00:00:00,107.02122310225485,stop,-1.0017617923513495,True
short,2008-01-11 00:00:00,99.50517776864802,105.00108971847214,5.495911949824119,89,0,94.0092658188239,94.19220823775275,2008-01-09 00:00:00,False,True,99.50517776864802,89.97757056080953,7,480.01375468254855,2008-01-22 00:00:00,94.19220823775275,trailing_stop,0.9813499603343937,True
short,2008-01-25 00:00:00,95.17767826172775,101.97289575973343,6.795217498005684,73,0,88.38246076372207,101.97289575973343,2008-01-23 00:00:00,False,False,95.17767826172775,94.06939958270216,10,-38.00206409953223,2008-02-07 00:00:00,95.68825448226929,time_stop,-0.07660920650359172,True
short,2008-03-13 00:00:00,92.54553080600627,98.72435309604121,6.178822290034944,80,0,86.36670851597133,98.72435309604121,2008-03-10 00:00:00,False,False,92.54553080600627,90.02754047980623,10,-224.0599012421531,2008-03-27 00:00:00,95.33627957153318,time_stop,-0.45328197414641525,True
short,2008-06-26 00:00:00,94.16131949465253,98.7424248494084,4.581105354755863,108,0,89.58021413989667,90.11007152816353,2008-06-24 00:00:00,False,True,94.16131949465253,86.56232828926153,15,457.23811295605736,2008-07-17 00:00:00,90.25505238725918,trailing_stop_gap,0.9241625990285106,True
short,2008-07-22 00:00:00,90.25222304550715,95.50739867295351,5.255175627446363,94,0,84.99704741806079,95.50739867295351,2008-07-16 00:00:00,False,False,90.25222304550715,89.01450760714548,10,4.729544265343148,2008-08-04 00:00:00,90.19190874481201,time_stop,0.009574237715741006,True
short,2008-09-09 00:00:00,89.71572751727633,95.05528057549678,5.339553058220446,93,0,84.37617445905589,86.78147344027771,2008-09-05 00:00:00,False,True,89.71572751727633,82.07626318134731,8,382.599382297076,2008-09-18 00:00:00,86.78147344027771,trailing_stop,0.7704712000797734,True
short,2008-09-22 00:00:00,89.44446431374199,97.18297926694183,7.738514953199839,64,0,81.70594936054215,85.99875710518259,2008-09-18 00:00:00,False,True,89.44446431374199,80.4984613883197,6,343.61410084305396,2008-09-29 00:00:00,86.42503861559639,trailing_stop_gap,0.6937985334579827,True
short,2008-10-02 00:00:00,82.64014811870254,91.15689029442993,8.516742175727387,58,0,74.12340594297515,72.43073590859215,2008-09-30 00:00:00,False,True,82.64014811870254,65.46802532841306,6,542.4784771892954,2008-10-09 00:00:00,72.43073590859215,trailing_stop,1.0981989356887008,True
short,2008-10-15 00:00:00,70.4242712197114,83.13314786372831,12.708876644016911,39,0,57.71539457569449,83.13314786372831,2008-10-13 00:00:00,False,False,70.4242712197114,60.71657454812348,10,92.27745996162781,2008-10-28 00:00:00,68.04818250274658,time_stop,0.1861760707291721,True
short,2008-10-22 00:00:00,67.59794855138611,80.66458092827536,13.066632376889245,38,0,54.531316174496865,80.66458092827536,2008-10-16 00:00:00,False,False,67.59794855138611,60.71657454812348,10,-200.88955039187127,2008-11-04 00:00:00,72.87451566696167,time_stop,-0.4045852797485778,True
short,2008-12-01 00:00:00,63.47038669886408,75.56405753749068,12.0936708386266,41,0,51.37671586023748,75.56405753749068,2008-11-21 00:00:00,False,False,63.47038669886408,59.38183484243037,10,-46.15997259037757,2008-12-12 00:00:00,64.58623968887329,time_stop,-0.09309439665029487,True
short,2009-02-26 00:00:00,55.28789191883753,62.08299466059762,6.79510274176009,74,0,48.49278917707744,62.08299466059762,2009-02-23 00:00:00,False,False,55.28789191883753,49.06996603522485,10,157.6200734432569,2009-03-11 00:00:00,53.147890926361086,time_stop,0.3134611901283371,True
short,2009-03-17 00:00:00,55.419533899176514,61.92461062543262,6.505076726256107,77,0,48.91445717292041,61.92461062543262,2009-03-09 00:00:00,False,False,55.419533899176514,55.176262907872655,10,-204.1042857385214,2009-03-30 00:00:00,58.0602389087677,time_stop,-0.40748251268002467,True
long,2009-05-14 00:00:00,66.31506163509188,61.26733212256125,5.04772951253063,99,0,71.36279114762252,61.26733212256125,2009-05-08 00:00:00,False,False,68.35003134157478,66.31506163509188,10,60.0727402165108,2009-05-28 00:00:00,66.93185699081421,time_stop,0.12021154347038704,True
long,2009-07-30 00:00:00,73.2124441628476,69.45720065146222,3.7552435113853875,133,0,76.96768767423299,69.45720065146222,2009-07-28 00:00:00,False,False,75.57266029054863,73.2124441628476,10,186.44451980516723,2009-08-12 00:00:00,74.6242826576233,time_stop,0.3733016222584527,True
long,2009-08-12 00:00:00,74.54089301165133,70.93059765439085,3.6102953572604832,139,0,78.15118836891182,70.93059765439085,2009-08-07 00:00:00,False,False,77.2244036111308,74.54089301165133,10,253.05606724609606,2009-08-25 00:00:00,76.37144025802613,time_stop,0.5042654592549003,True
long,2009-08-27 00:00:00,76.78517106916361,73.16210908161486,3.623061987548752,139,0,80.40823305671236,73.16210908161486,2009-08-25 00:00:00,False,False,77.66883726538441,76.78517106916361,10,108.83833050948776,2009-09-10 00:00:00,77.57818064117431,time_stop,0.2161181825488066,True
long,2009-09-22 00:00:00,79.70094597466891,76.35402471036853,3.346921264300377,151,0,83.04786723896929,76.35402471036853,2009-09-18 00:00:00,False,False,80.39792121178044,79.70094597466891,9,-571.6518503900278,2009-10-02 00:00:00,75.92517213102634,stop_gap,-1.1311212737578176,True
long,2009-09-28 00:00:00,78.43088433477386,74.92986688817318,3.5010174466006845,144,0,81.93190178137455,74.92986688817318,2009-09-23 00:00:00,False,False,79.82487487792969,78.43088433477386,10,193.54724722322663,2009-10-09 00:00:00,79.78496244049072,time_stop,0.383910713447568,True
long,2009-10-19 00:00:00,81.34078020654431,78.03396332474958,3.306816881794731,152,0,84.64759708833904,78.03396332474958,2009-10-15 00:00:00,False,False,82.09476940802685,81.34078020654431,8,-504.1561660327991,2009-10-28 00:00:00,78.03396332474958,stop,-1.003024056171678,True
long,2009-10-21 00:00:00,81.87662808861285,78.51217262585415,3.3644554627586984,149,0,85.24108355137155,78.51217262585415,2009-10-19 00:00:00,False,False,82.09476940802685,81.87662808861285,6,-502.7938639510461,2009-10-28 00:00:00,78.51217262585415,stop,-1.0029722491828739,True
long,2010-01-13 00:00:00,85.47478666994648,82.75856559322226,2.7162210767242243,183,0,88.1910077466707,82.75856559322226,2010-01-11 00:00:00,False,False,86.15064160801579,85.47478666994648,7,-498.89845704053306,2010-01-22 00:00:00,82.75856559322226,stop,-1.003681585451822,True
short,2010-01-26 00:00:00,81.80094376830544,84.94361934241878,3.1426755741133405,157,0,78.6582681941921,80.69207770366826,2010-01-22 00:00:00,False,True,81.80094376830544,78.24939991111465,11,331.159113887178,2010-02-09 00:00:00,80.69207770366826,trailing_stop,0.6711776857914192,True
short,2010-02-04 00:00:00,81.53159866791566,85.13070176776465,3.599103099848989,137,0,77.93249556806667,85.13070176776465,2010-02-01 00:00:00,False,False,81.53159866791566,78.24939991111465,10,-206.26151887632204,2010-02-18 00:00:00,83.02715719985962,time_stop,-0.41831492185014835,True
short,2010-02-10 00:00:00,79.49391386235197,83.20888853862164,3.7149746762696623,134,0,75.77893918608231,83.20888853862164,2010-02-08 00:00:00,False,False,79.49391386235197,79.39418491249347,7,-499.1466066201347,2010-02-19 00:00:00,83.20888853862164,stop,-1.0026918083894023,True
long,2010-03-16 00:00:00,86.66195146337529,83.78952330274657,2.872428160628715,172,0,89.534379624004,83.78952330274657,2010-03-12 00:00:00,False,False,88.78189896879367,86.66195146337529,10,245.49212605518832,2010-03-29 00:00:00,88.09923126602173,time_stop,0.49688964278014935,True
long,2010-03-23 00:00:00,87.7725898741215,84.91039749135254,2.862192382768953,172,0,90.63478225689045,84.91039749135254,2010-03-19 00:00:00,False,False,89.59329001677966,87.7725898741215,10,276.6119007209282,2010-04-06 00:00:00,89.39079859924317,time_stop,0.5618800241393475,True
long,2010-03-25 00:00:00,88.38619271959104,85.41792610599254,2.9682666135985016,166,0,91.35445933318954,85.41792610599254,2010-03-23 00:00:00,False,False,89.67595872043607,88.38619271959104,10,131.44825586234154,2010-04-08 00:00:00,89.18804968261719,time_stop,0.26677420397427387,True
long,2010-03-29 00:00:00,88.2383901139494,85.31328331816935,2.9251067957800387,169,0,91.16349690972943,85.31328331816935,2010-03-25 00:00:00,False,False,90.19434230970676,88.2383901139494,10,281.90257601827847,2010-04-12 00:00:00,89.9164526939392,time_stop,0.5702569842565324,True
long,2010-04-09 00:00:00,89.43050540093287,86.64705341893283,2.783451982000045,178,0,92.21395738293292,86.64705341893283,2010-04-07 00:00:00,False,False,91.33632619557918,89.43050540093287,10,255.81434768546248,2010-04-22 00:00:00,90.87766465759277,time_stop,0.5163226331740894,True
long,2010-04-14 00:00:00,90.36964347691037,87.66771810106196,2.701925375848404,184,0,93.07156885275877,87.66771810106196,2010-04-12 00:00:00,False,False,91.74953726018224,90.36964347691037,10,-259.3161634539003,2010-04-27 00:00:00,88.97031650161743,time_stop,-0.5216009990099775,True
long,2010-04-20 00:00:00,90.58751426634714,87.78037161936564,2.8071426469815037,177,0,93.39465691332865,87.78037161936564,2010-04-16 00:00:00,False,False,91.74953726018224,90.58751426634714,10,-39.46571036225247,2010-05-03 00:00:00,90.37454415130617,time_stop,-0.07942956346758233,True
short,2010-05-13 00:00:00,87.19918171797856,92.38614091086477,5.186959192886206,96,0,82.01222252509235,82.30213358059427,2010-05-07 00:00:00,False,True,87.19918171797856,78.42137079727088,11,483.0723518529838,2010-05-27 00:00:00,82.30213358059427,trailing_stop,0.9701259404617109,True
short,2010-06-01 00:00:00,81.39408091673621,87.2530446384732,5.858963721736984,85,0,75.53511719499923,87.2530446384732,2010-05-26 00:00:00,False,False,81.39408091673621,78.6241967701697,10,-79.27360105081048,2010-06-14 00:00:00,82.31671151733399,time_stop,-0.15918012892581576,True
short,2010-08-27 00:00:00,79.15192136706678,83.38257556848515,4.230654201418375,118,0,74.9212671656484,83.38257556848515,2010-08-25 00:00:00,False,False,79.15192136706678,78.74164633470562,6,-507.70907937734586,2010-09-03 00:00:00,83.44454068382394,stop_gap,-1.0170103988443835,True
long,2010-09-24 00:00:00,86.33742619497669,82.68461022158917,3.6528159733875185,136,0,89.9902421683642,82.68461022158917,2010-09-21 00:00:00,False,False,88.43722506350308,86.33742619497669,10,212.1754013442553,2010-10-07 00:00:00,87.90753944015503,time_stop,0.4270987798302751,True
long,2010-10-15 00:00:00,89.775310511697,86.34113242278974,3.4341780889072595,145,0,93.20948860060426,86.34113242278974,2010-10-13 00:00:00,False,False,90.88854521155814,89.775310511697,10,3.7922138677463435,2010-10-28 00:00:00,89.8114637107849,time_stop,0.007615562854000868,True
long,2010-12-09 00:00:00,94.09360548299705,90.81888436485866,3.2747211181383875,152,0,97.36832660113544,90.81888436485866,2010-12-07 00:00:00,False,False,95.98980679893388,94.09360548299705,10,274.77107229733633,2010-12-22 00:00:00,95.91130990600584,time_stop,0.5520178231349469,True
long,2010-12-17 00:00:00,94.81699712603557,91.86909882061275,2.947898305422825,169,0,97.7648954314584,91.86909882061275,2010-12-14 00:00:00,False,False,96.27967776795944,94.81699712603557,10,179.3801133931637,2010-12-31 00:00:00,95.88841791534423,time_stop,0.36006017824838715,True
long,2010-12-28 00:00:00,96.06082498470448,93.50763407051448,2.5531909141899973,196,0,98.61401589889448,93.50763407051448,2010-12-22 00:00:00,False,False,97.5232525305656,96.06082498470448,10,148.07971458849752,2011-01-10 00:00:00,96.82633373260498,time_stop,0.2959076595884658,True
long,2011-01-11 00:00:00,97.23570937890965,94.76732606101146,2.468383317898187,203,0,99.70409269680783,94.76732606101146,2011-01-06 00:00:00,False,False,98.90412984054456,97.23570937890965,10,253.86166655253416,2011-01-25 00:00:00,98.49625946044922,time_stop,0.50662718082393,True
long,2011-01-21 00:00:00,98.3342968926682,95.83969858663471,2.4945983060334953,201,0,100.8288951987017,95.83969858663471,2011-01-19 00:00:00,False,False,99.92641461195636,98.3342968926682,10,277.30973416536403,2011-02-03 00:00:00,99.72394731140136,time_stop,0.5530551413413128,True
long,2011-02-03 00:00:00,99.83960981368197,97.1371475283186,2.7024622853633815,186,0,102.54207209904536,97.1371475283186,2011-02-01 00:00:00,False,False,102.23803937488402,99.83960981368197,10,412.04845067749153,2011-02-16 00:00:00,102.06492406463623,time_stop,0.8197391922738257,True
long,2011-02-16 00:00:00,101.82844624050496,99.2243314433635,2.604114797141463,194,0,104.43256103764642,99.2243314433635,2011-02-14 00:00:00,False,False,102.75684223328012,101.82844624050496,6,-507.1382706454438,2011-02-24 00:00:00,99.2243314433635,stop,-1.0038400764862505,True
long,2011-02-11 00:00:00,101.08317048731013,98.39958161130636,2.6835888760037676,188,0,103.7667593633139,98.39958161130636,2011-02-09 00:00:00,False,False,102.75684223328012,101.08317048731013,10,-35.20456070854346,2011-02-25 00:00:00,100.90591218566894,time_stop,-0.06977905718555591,True
short,2011-03-22 00:00:00,98.97660803248361,102.9441938907452,3.967585858261586,127,0,95.00902217422203,102.9441938907452,2011-03-16 00:00:00,False,False,98.97660803248361,98.3223633219923,10,-405.37784288193546,2011-04-04 00:00:00,102.15855955123901,time_stop,-0.8045072325552557,True
long,2011-05-06 00:00:00,103.42244440122127,100.22627444290968,3.196169958311586,157,0,106.61861435953286,100.22627444290968,2011-05-02 00:00:00,False,False,104.29124442344909,103.42244440122127,10,-45.28983517783603,2011-05-19 00:00:00,103.14397411346435,time_stop,-0.09025499004105063,True
short,2011-06-10 00:00:00,98.40963509511592,101.86597723772807,3.456342142612158,145,0,94.95329295250376,101.86597723772807,2011-06-08 00:00:00,False,False,98.40963509511592,96.78989618020664,10,-64.40173784545775,2011-06-23 00:00:00,98.84378501129149,time_stop,-0.12850287901182747,True
short,2011-06-15 00:00:00,98.25103741838436,101.86731059987564,3.6162731814912803,138,0,94.63476423689308,101.86731059987564,2011-06-13 00:00:00,False,False,98.25103741838436,96.78989618020664,10,-222.45639797713108,2011-06-28 00:00:00,99.85304030227661,time_stop,-0.4457635811759928,True
short,2011-06-20 00:00:00,97.48076700000661,101.05781312030274,3.5770461202961314,140,0,93.90372087971048,101.05781312030274,2011-06-16 00:00:00,False,False,97.48076700000661,97.16963167057358,9,-502.1864568414584,2011-06-30 00:00:00,101.05781312030274,stop,-1.0027956027581697,True
long,2011-07-13 00:00:00,102.26410535015474,98.4672508452579,3.7968545048968423,131,0,106.06095985505158,98.4672508452579,2011-07-08 00:00:00,False,False,103.81499275853952,102.26410535015474,10,44.83039643731601,2011-07-26 00:00:00,102.6163221168518,time_stop,0.09013165141190117,True
short,2011-08-16 00:00:00,91.61316243835746,98.57184885803821,6.958686419680745,71,0,84.65447601867672,98.57184885803821,2011-08-11 00:00:00,False,False,91.61316243835746,86.55869882290564,10,-134.47253277551513,2011-08-29 00:00:00,93.49714177322387,time_stop,-0.2721748359733249,True
short,2011-08-25 00:00:00,89.24150582187508,96.55190873915046,7.310402917275383,68,0,81.9311029045997,96.55190873915046,2011-08-23 00:00:00,False,False,89.24150582187508,87.66753765947162,10,-168.52264636408233,2011-09-08 00:00:00,91.70978003311158,time_stop,-0.33900651431674683,True
long,2011-11-02 00:00:00,95.85568963031105,89.03871866067554,6.816970969635506,72,0,102.67266059994655,89.03871866067554,2011-10-28 00:00:00,False,False,99.08879747298325,95.85568963031105,10,120.43644283952804,2011-11-15 00:00:00,97.53841800308227,time_stop,0.24537707146208682,True
long,2012-01-31 00:00:00,102.8429073372028,98.91799537540423,3.9249119617985713,126,0,106.76781929900137,98.91799537540423,2012-01-26 00:00:00,False,False,105.61366501780766,102.8429073372028,10,318.6404311963456,2012-02-13 00:00:00,105.38179964828491,time_stop,0.6443182256560108,True
long,2012-02-07 00:00:00,104.79240310484406,101.0564275258975,3.735975578946551,133,0,108.5283786837906,101.0564275258975,2012-02-03 00:00:00,False,False,106.75086201589292,104.79240310484406,10,191.99013848243797,2012-02-21 00:00:00,106.24593798065186,time_stop,0.3863876637584564,True
long,2012-03-23 00:00:00,109.19451698643505,106.23286102911028,2.9616559573247656,168,0,112.15617294375981,106.23286102911028,2012-03-20 00:00:00,False,False,111.2555968565318,109.19451698643505,10,17.320619087751716,2012-04-05 00:00:00,109.30761590957643,time_stop,0.03481124230057683,True
long,2012-03-30 00:00:00,110.25630486334713,107.25048092817116,3.005823935175968,166,0,113.2621287985231,107.25048092817116,2012-03-27 00:00:00,False,False,111.2555968565318,110.25630486334713,7,-500.62677323921076,2012-04-10 00:00:00,107.25048092817116,stop,-1.0033268748322128,True
short,2012-04-13 00:00:00,107.18309238891041,110.640009979476,3.4569175905655953,144,0,103.72617479834481,110.640009979476,2012-04-10 00:00:00,False,False,107.18309238891041,106.35032880995928,10,-364.8236269051044,2012-04-26 00:00:00,109.70658979797363,time_stop,-0.732877583190727,True
short,2012-05-11 00:00:00,105.73793470630633,109.36662468602653,3.6286899797201926,136,0,102.10924472658614,103.89378016165097,2012-05-09 00:00:00,False,True,105.73793470630633,101.35121752758614,8,370.7934276575381,2012-05-22 00:00:00,103.89378016165097,trailing_stop,0.7513516661453712,True
short,2012-05-23 00:00:00,102.67118888539089,106.6831081569942,4.011919271603304,124,0,98.65926961378759,106.6831081569942,2012-05-21 00:00:00,False,False,102.67118888539089,99.46577514779668,10,-78.72501314805139,2012-06-06 00:00:00,103.29606802368163,time_stop,-0.15824823365327015,True
short,2012-05-29 00:00:00,103.07580867908644,107.1090896353289,4.033280956242464,123,0,99.04252772284397,107.1090896353289,2012-05-23 00:00:00,False,False,103.07580867908644,99.46577514779668,10,25.58980098939296,2012-06-11 00:00:00,102.85776151657105,time_stop,0.05158261097417161,True
short,2012-06-08 00:00:00,103.03105221286107,107.39956253052377,4.368510317662697,113,0,98.66254189519837,107.39956253052377,2012-06-05 00:00:00,False,False,103.03105221286107,102.61075445678874,10,-133.3436156136613,2012-06-21 00:00:00,104.20108420944214,time_stop,-0.27012228672323046,True
long,2012-08-24 00:00:00,111.27795935650609,107.92188554106401,3.3560738154420733,148,0,114.63403317194816,107.92188554106401,2012-08-21 00:00:00,False,False,113.54630387212886,111.27795935650609,10,318.85322786832455,2012-09-07 00:00:00,113.44237305831909,time_stop,0.6419446711511669,True
long,2012-09-12 00:00:00,113.55631042480468,110.54310398849259,3.013206436312089,165,0,116.56951686111677,110.54310398849259,2012-09-07 00:00:00,False,False,116.47169661649544,113.55631042480468,10,49.4834977340735,2012-09-25 00:00:00,113.86621041107179,time_stop,0.09952852305538165,True
long,2012-09-21 00:00:00,115.94129363688477,112.98075401868168,2.960539618203086,168,0,118.90183325508785,112.98075401868168,2012-09-19 00:00:00,False,False,115.9550102033461,115.94129363688477,10,-80.80617361748847,2012-10-04 00:00:00,115.47030450820924,time_stop,-0.16246670901417132,True
long,2012-09-25 00:00:00,115.42949198218359,112.39318399749357,3.0363079846900263,164,0,118.46579996687362,112.39318399749357,2012-09-21 00:00:00,False,False,116.34239489155694,115.42949198218359,10,-58.44696216245997,2012-10-08 00:00:00,115.08310806655884,time_stop,-0.11737409953856799,True
short,2012-10-25 00:00:00,111.29428305687382,114.69900657301449,3.4047235161406633,146,0,107.88955954073316,114.69900657301449,2012-10-23 00:00:00,False,False,111.29428305687382,108.74487018161727,10,292.37119304857083,2012-11-09 00:00:00,109.28174063873293,time_stop,0.5881659431808508,True
short,2012-11-13 00:00:00,108.72693953224564,112.60165901617522,3.8747194839295815,128,0,104.85222004831606,112.60165901617522,2012-11-09 00:00:00,False,False,108.72693953224564,106.49172942582096,10,-291.99808850537306,2012-11-27 00:00:00,110.99817459869386,time_stop,-0.5887484438317822,True
long,2013-01-09 00:00:00,116.19229529635753,112.61960999847817,3.57268529787936,139,0,119.76498059423689,112.61960999847817,2013-01-04 00:00:00,False,False,119.03060990108196,116.19229529635753,10,370.48257807769625,2013-01-23 00:00:00,118.86763758468628,time_stop,0.746033323984852,True
long,2013-01-22 00:00:00,118.24647649851995,115.10001661560314,3.1464598829168153,158,0,121.39293638143677,115.10001661560314,2013-01-17 00:00:00,False,False,120.55932427398204,118.24647649851995,10,117.92890795125494,2013-02-04 00:00:00,119.00286199188233,time_stop,0.23721436825390652,True
long,2013-02-01 00:00:00,119.95625337252558,117.03154436789654,2.9247090046290367,170,0,122.88096237715462,117.03154436789654,2013-01-30 00:00:00,False,False,121.50678688757208,119.95625337252558,10,208.27031999646027,2013-02-14 00:00:00,121.19137290191652,time_stop,0.418885956671896,True
long,2013-02-07 00:00:00,120.4518915036306,117.39778622426095,3.054105279369651,163,0,123.50599678300026,117.39778622426095,2013-02-04 00:00:00,False,False,122.0401887807123,120.4518915036306,10,-123.66127549904462,2013-02-21 00:00:00,119.70323337173463,time_stop,-0.24840601829304385,True
long,2013-03-14 00:00:00,124.46267230725579,121.40812486589866,3.05454744135713,163,0,127.51721974861292,121.40812486589866,2013-03-12 00:00:00,False,False,124.97420134267436,124.46267230725579,10,61.14089165854882,2013-03-27 00:00:00,124.84776980209351,time_stop,0.12279969522132146,True
long,2013-03-20 00:00:00,124.38642199578958,121.26738046587418,3.1190415299153926,160,0,127.50546352570497,121.26738046587418,2013-03-15 00:00:00,False,False,125.72595770178512,124.38642199578958,10,-50.557406411293506,2013-04-03 00:00:00,124.08043820571899,time_stop,-0.10130797780020448,True
long,2013-05-28 00:00:00,133.59730814155694,129.75198633813213,3.8453218034248096,130,0,137.44262994498175,129.75198633813213,2013-05-22 00:00:00,False,False,134.17911457004752,133.59730814155694,7,-501.19183444522525,2013-06-05 00:00:00,129.75198633813213,stop,-1.002600562582589,True
long,2013-05-30 00:00:00,132.61566704941677,128.75755384223586,3.8581132071809066,129,0,136.47378025659768,128.75755384223586,2013-05-28 00:00:00,False,False,133.22746713961686,132.61566704941677,6,-498.98660372633697,2013-06-06 00:00:00,128.75755384223586,stop,-1.0025919405323276,True
short,2013-06-28 00:00:00,129.13082280762248,134.19347762577024,5.062654818147763,97,0,124.06816798947472,134.19347762577024,2013-06-24 00:00:00,False,False,129.13082280762248,128.5217667017378,9,-507.2805973732622,2013-07-11 00:00:00,134.3505196877592,stop_gap,-1.0329949538313725,True
long,2013-07-26 00:00:00,135.95430746950362,132.09080630437404,3.863501165129577,127,0,139.8178086346332,132.09080630437404,2013-07-23 00:00:00,False,False,137.45381160674992,135.95430746950362,10,61.040617518366,2013-08-08 00:00:00,136.4449422531128,time_stop,0.12440394426361231,True
short,2013-08-30 00:00:00,131.3477300917773,135.02170552258391,3.673975430806621,134,0,127.67375466097067,135.02170552258391,2013-08-27 00:00:00,False,False,131.3477300917773,131.18284145066298,7,-568.5356631280202,2013-09-10 00:00:00,135.58053354795655,stop_gap,-1.1548263008519217,True
long,2013-09-26 00:00:00,137.3439874006591,133.83447257343505,3.509514827224052,139,0,140.85350222788315,133.83447257343505,2013-09-20 00:00:00,False,False,137.477456313342,137.3439874006591,9,-489.21256098414324,2013-10-08 00:00:00,133.83447257343505,stop,-1.0028493967093195,True
long,2013-11-04 00:00:00,142.7548680495971,139.1866601055785,3.5682079440185817,136,0,146.32307599361567,139.1866601055785,2013-10-31 00:00:00,False,False,145.51585019700173,142.7548680495971,10,356.55216662930854,2013-11-15 00:00:00,145.38657515716554,time_stop,0.734740561284618,True
long,2013-11-20 00:00:00,145.33388781697923,141.71752652614026,3.6163612908389666,135,0,148.9502491078182,141.71752652614026,2013-11-18 00:00:00,False,False,146.8327647888858,145.33388781697923,10,-29.113027212971424,2013-12-04 00:00:00,145.1282357635498,time_stop,-0.059632330977469464,True
long,2013-11-27 00:00:00,146.4246324747606,143.10803072075768,3.3166017540029316,147,0,149.74123422876355,143.10803072075768,2013-11-25 00:00:00,False,False,146.8327647888858,146.4246324747606,10,-311.92925566542004,2013-12-11 00:00:00,144.3126647491455,time_stop,-0.6398017859859175,True
long,2013-12-04 00:00:00,145.75402464558186,142.41019134695415,3.3438332986277146,146,0,149.09785794420958,142.41019134695415,2013-11-29 00:00:00,False,False,146.76810439771128,145.75402464558186,10,-220.1594880254585,2013-12-17 00:00:00,144.25608294677735,time_stop,-0.4509619840867542,True
long,2014-01-07 00:00:00,149.120101831242,145.9018236215301,3.2182782097119116,151,0,152.33838004095392,145.9018236215301,2013-12-31 00:00:00,False,False,150.22105619301232,149.120101831242,10,60.2249613044149,2014-01-21 00:00:00,149.5289426345825,time_stop,0.1239298709903016,True
short,2014-01-31 00:00:00,143.7697794949161,147.84059035680434,4.070810861888248,119,0,139.69896863302785,147.84059035680434,2014-01-29 00:00:00,False,False,143.7697794949161,141.09929587055274,8,-485.61649256470145,2014-02-11 00:00:00,147.84059035680434,stop,-1.00245651304845,True
long,2014-02-27 00:00:00,150.77712040692032,146.55723858311967,4.219881823800648,115,0,154.99700223072097,146.55723858311967,2014-02-24 00:00:00,False,False,153.48633801807773,150.77712040692032,10,144.74240408154537,2014-03-12 00:00:00,152.0457500076294,time_stop,0.298261812359357,True
long,2014-03-04 00:00:00,151.7337332369668,147.22528230987683,4.508450927089967,107,0,156.24218416405677,147.22528230987683,2014-02-28 00:00:00,False,False,153.48633801807773,151.7337332369668,10,-50.211341739054525,2014-03-17 00:00:00,151.27446836090087,time_stop,-0.104085612476395,True
long,2014-03-06 00:00:00,152.88723898333373,148.64180429114296,4.24543469219077,114,0,157.1326736755245,148.64180429114296,2014-03-04 00:00:00,False,False,153.48633801807773,152.88723898333373,10,-154.46025359101088,2014-03-19 00:00:00,151.54232447814942,time_stop,-0.3191462367037685,True
long,2014-03-11 00:00:00,153.07398198683578,148.8965168812558,4.177465105579984,116,0,157.25144709241576,148.8965168812558,2014-03-07 00:00:00,False,False,154.2127476511232,153.07398198683578,10,-217.59223923881953,2014-03-24 00:00:00,151.20818682098388,time_stop,-0.4490271297170929,True
long,2014-06-16 00:00:00,158.55675863990587,155.28114518023372,3.275613459672144,147,0,161.832372099578,155.28114518023372,2014-06-10 00:00:00,False,False,161.08354818027377,158.55675863990587,10,276.2256558600462,2014-06-27 00:00:00,160.4458447341919,time_stop,0.5736592908230711,True
long,2014-06-24 00:00:00,160.73462989453256,157.56448883105378,3.1701410634787806,150,0,163.90477095801134,157.56448883105378,2014-06-20 00:00:00,False,False,162.55084172702172,160.73462989453256,10,6.794437939255772,2014-07-08 00:00:00,160.78992614746093,time_stop,0.01428840295159156,True
long,2014-06-27 00:00:00,160.39031087351546,157.20555880906704,3.1847520644484177,150,0,163.57506293796388,157.20555880906704,2014-06-24 00:00:00,False,False,162.55084172702172,160.39031087351546,10,103.91438619985257,2014-07-11 00:00:00,161.09307344818114,time_stop,0.21752480590217205,True
long,2014-07-03 00:00:00,162.15096012121506,159.08644431150123,3.064515809713839,149,0,165.2154759309289,159.08644431150123,2014-07-01 00:00:00,False,False,162.55084172702172,162.15096012121506,10,-268.98448378126125,2014-07-17 00:00:00,160.35569512939452,time_stop,-0.5890865323971419,True
long,2014-07-09 00:00:00,161.69372589384153,158.62275583825235,3.0709700555891857,150,0,164.76469594943072,158.62275583825235,2014-07-03 00:00:00,False,False,162.77218129656362,161.69372589384153,10,103.81524197662776,2014-07-22 00:00:00,162.39582750701905,time_stop,0.22536905298633209,True
short,2014-08-12 00:00:00,158.70438628145146,162.79948469416394,4.095098412712474,118,0,154.609287868739,162.79948469416394,2014-08-07 00:00:00,False,False,158.70438628145146,158.16514632556786,7,-484.40161270007195,2014-08-20 00:00:00,162.79948469416394,stop,-1.0024419437562129,True
long,2014-08-25 00:00:00,164.07745437857014,160.30328176309877,3.7741726154713717,127,0,167.8516269940415,160.30328176309877,2014-08-21 00:00:00,False,False,165.24793470989772,164.07745437857014,10,33.86874537575668,2014-09-08 00:00:00,164.35413741302492,time_stop,0.07065999932318143,True
long,2014-08-29 00:00:00,164.33156726050254,160.90750688376414,3.424060376738396,140,0,167.75562763724093,160.90750688376414,2014-08-26 00:00:00,False,False,165.24793470989772,164.33156726050254,10,-165.7159081695734,2014-09-12 00:00:00,163.15788220214844,time_stop,-0.34569631610340357,True
short,2014-10-07 00:00:00,160.82168046096916,165.44755011237763,4.625869651408465,104,0,156.1958108095607,153.86125757768593,2014-10-02 00:00:00,False,True,160.82168046096916,149.8284964207241,7,601.4472118039681,2014-10-15 00:00:00,153.86125757768593,trailing_stop,1.250174929936692,True
short,2014-10-10 00:00:00,158.58804407400464,163.9294345827475,5.3413905087428475,90,0,153.2466535652618,153.86125757768593,2014-10-08 00:00:00,False,True,158.58804407400464,149.8284964207241,4,485.90460558377805,2014-10-15 00:00:00,153.86125757768593,trailing_stop,1.0107742643427648,True
long,2014-11-05 00:00:00,166.82100257316807,160.894850165866,5.926152407302084,82,0,172.74715498047016,160.894850165866,2014-11-03 00:00:00,False,False,169.5947653427805,166.82100257316807,10,194.7001005236554,2014-11-18 00:00:00,169.20539404296875,time_stop,0.4006632476874876,True
long,2014-11-13 00:00:00,168.23105910199254,163.1410624321329,5.08999666985963,95,0,173.32105577185217,163.1410624321329,2014-11-11 00:00:00,False,False,171.17606152737287,168.23105910199254,10,255.0533884158719,2014-11-26 00:00:00,170.9258316116333,time_stop,0.5274605630959669,True
long,2014-11-17 00:00:00,168.43698889023557,163.63800490013466,4.798983990100908,101,0,173.23597288033648,163.63800490013466,2014-11-13 00:00:00,False,False,171.20077899082176,168.43698889023557,10,94.0605221716573,2014-12-01 00:00:00,169.37828118896485,time_stop,0.1940603054001224,True
long,2014-11-20 00:00:00,169.3100069359489,164.68693131707764,4.623075618871269,105,0,173.93308255482017,164.68693131707764,2014-11-18 00:00:00,False,False,171.53014923411197,169.3100069359489,10,170.3346669661474,2014-12-04 00:00:00,170.94224185943602,time_stop,0.350899500078519,True
long,2014-12-02 00:00:00,170.12541620701126,165.93109131782026,4.1943248891909946,116,0,174.31974109620225,165.93109131782026,2014-11-26 00:00:00,False,False,171.69498279898946,170.12541620701126,9,-487.7016871461554,2014-12-12 00:00:00,165.93109131782026,stop,-1.0023841739169446,True
long,2014-12-22 00:00:00,171.71845629950133,165.34978128136214,6.368675018139186,76,0,178.0871313176405,165.34978128136214,2014-12-18 00:00:00,False,False,173.05658353930826,171.71845629950133,10,-484.7793013785781,2015-01-06 00:00:00,165.34978128136214,stop,-1.0015701853166503,True
short,2015-07-06 00:00:00,171.98987323456276,176.73269194520927,4.742818710646503,102,0,167.24705452391626,176.73269194520927,2015-06-29 00:00:00,False,False,171.98987323456276,170.61224543215388,9,-522.1227453430332,2015-07-16 00:00:00,177.0987236791023,stop_gap,-1.0792844417706575,True
short,2015-08-31 00:00:00,165.41814849899902,173.99225584225508,8.57410734325606,56,0,156.84404115574296,173.99225584225508,2015-08-26 00:00:00,True,False,165.41814849899902,159.42812845841777,10,83.13923458408243,2015-09-14 00:00:00,163.92351930999754,time_stop,0.173152624473404,True
short,2015-09-04 00:00:00,161.19024817761806,170.19957855677694,9.009330379158882,53,0,152.18091779845918,170.19957855677694,2015-09-02 00:00:00,False,False,161.19024817761806,160.16374733803622,10,-165.61085590936364,2015-09-18 00:00:00,164.3049813079834,time_stop,-0.3468330052135438,True
long,2015-10-28 00:00:00,173.94754793334997,167.33086873633084,6.616679197019124,73,0,180.5642271303691,167.33086873633084,2015-10-23 00:00:00,False,False,177.84300678193358,173.94754793334997,10,87.09733484982682,2015-11-10 00:00:00,175.150662109375,time_stop,0.1803191813444022,True
long,2015-11-11 00:00:00,175.51714703296264,169.6605927329419,5.856554300020747,82,0,181.3737013329834,169.6605927329419,2015-11-04 00:00:00,False,False,176.5490225803326,175.51714703296264,10,23.531623991642668,2015-11-24 00:00:00,175.81411805725097,time_stop,0.04899997670768776,True
short,2016-01-06 00:00:00,167.63294053081134,174.35562575957283,6.722685228761492,71,0,160.91025530204985,164.4572232764738,2016-01-04 00:00:00,False,True,167.63294053081134,159.22443118474726,6,348.9098041628037,2016-01-13 00:00:00,164.4572232764738,trailing_stop,0.730991029122993,True
short,2016-01-25 00:00:00,159.6270568686722,168.79674414161212,9.16968727293991,52,0,150.4573695957323,168.79674414161212,2016-01-21 00:00:00,False,False,159.6270568686722,158.10873544829985,10,35.18734648369864,2016-02-05 00:00:00,158.94037712860109,time_stop,0.07379529093298906,True
long,2016-03-22 00:00:00,174.13484502690525,167.48075301203,6.6540920148752605,72,0,180.7889370417805,167.48075301203,2016-03-18 00:00:00,False,False,175.98396883290673,174.13484502690525,10,-54.27804384147427,2016-04-05 00:00:00,173.39098330688478,time_stop,-0.11329295091429663,True
long,2016-04-26 00:00:00,177.60816239988537,172.50984193032644,5.098320469558928,95,0,182.7064828694443,172.50984193032644,2016-04-20 00:00:00,False,False,178.25237618749588,177.60816239988537,10,-264.4459500304305,2016-05-09 00:00:00,174.83452082061768,time_stop,-0.5459918802453214,True
long,2016-07-20 00:00:00,184.6820995239613,179.35751158609872,5.324587937862589,90,0,190.0066874618239,179.35751158609872,2016-07-18 00:00:00,False,False,185.87480140452143,184.6820995239613,10,-63.248858050682166,2016-08-02 00:00:00,183.9893344345093,time_stop,-0.13198487801370223,True
long,2016-07-22 00:00:00,185.52759394757314,180.38953887099527,5.138055076577871,94,0,190.665649024151,180.38953887099527,2016-07-20 00:00:00,False,False,185.87480140452143,185.52759394757314,10,-76.53392541696883,2016-08-04 00:00:00,184.72340325164794,time_stop,-0.1584628198395025,True
long,2016-11-14 00:00:00,186.2915485129806,180.9134507392216,5.378097773759009,89,0,191.6696462867396,180.9134507392216,2016-11-10 00:00:00,False,False,190.16974885738745,186.2915485129806,10,253.34852927618448,2016-11-28 00:00:00,189.14816120147705,time_stop,0.5292973107305228,True
long,2016-11-25 00:00:00,189.78492821985054,185.21943164994653,4.565496569904013,105,0,194.35042478975456,185.21943164994653,2016-11-22 00:00:00,False,False,193.72320871365824,189.78492821985054,10,352.7554134263166,2016-12-08 00:00:00,193.15450358581546,time_stop,0.7358619844578161,True
long,2016-11-30 00:00:00,190.23982340366504,185.84095054319448,4.398872860470561,110,0,194.6386962641356,193.40962219802736,2016-11-28 00:00:00,False,True,195.9891458355372,190.23982340366504,21,415.17694101580855,2016-12-29 00:00:00,193.40962219802736,trailing_stop,0.8580233953414804,True
long,2016-12-27 00:00:00,195.15128680811029,191.28200135184557,3.86928545626472,124,0,199.020572264375,191.28200135184557,2016-12-21 00:00:00,False,False,196.63496675886236,195.15128680811029,10,32.50434338709898,2017-01-10 00:00:00,195.42341860961915,time_stop,0.06774682418027542,True
long,2017-03-10 00:00:00,205.46869499173255,201.76265323024703,3.7060417614855226,118,0,209.17473675321807,201.76265323024703,2017-03-03 00:00:00,False,False,206.7279014237369,205.46869499173255,10,-312.0160848453648,2017-03-23 00:00:00,202.83449088287352,time_stop,-0.7134847039066085,True
long,2017-05-01 00:00:00,207.20498006128494,203.0333531302992,4.171626930985752,116,0,211.3766069922707,203.0333531302992,2017-04-26 00:00:00,False,False,208.2775650461545,207.20498006128494,10,-10.468588995039145,2017-05-12 00:00:00,207.12473360443116,time_stop,-0.02163339587810662,True
long,2017-06-08 00:00:00,211.531965042533,208.0673015934291,3.464663449103881,115,0,214.99662849163687,208.0673015934291,2017-06-05 00:00:00,False,False,213.24926686697896,211.531965042533,10,5.795714978702852,2017-06-21 00:00:00,211.59236256408693,time_stop,0.014546152113843245,True
long,2017-06-13 00:00:00,211.57398384382134,207.95316278755539,3.620821056265953,115,0,215.1948049000873,207.95316278755539,2017-06-09 00:00:00,False,False,213.24926686697896,211.57398384382134,10,35.016952183565685,2017-06-26 00:00:00,211.88847908020017,time_stop,0.08409563235716738,True
long,2017-07-24 00:00:00,215.16882056073845,211.50628173427958,3.6625388264588707,113,0,218.83135938719732,211.50628173427958,2017-07-20 00:00:00,False,False,216.09863004837075,215.16882056073845,10,33.66161084980512,2017-08-04 00:00:00,215.47671092224115,time_stop,0.08133439005497609,True
short,2017-08-24 00:00:00,212.7325943875079,216.8296173647967,4.097022977288788,114,0,208.63557141021911,216.8296173647967,2017-08-21 00:00:00,False,False,212.7325943875079,211.6807572752783,10,-284.87807608203275,2017-09-07 00:00:00,215.22152487945556,time_stop,-0.6099381198982993,True
long,2017-09-26 00:00:00,218.54839514331798,215.19341876546528,3.3549763778526938,111,0,221.90337152117067,223.60806481390048,2017-09-19 00:00:00,False,True,225.49892123463263,218.54839514331798,22,466.7552023345186,2017-10-25 00:00:00,223.60806481390048,trailing_stop,1.2533625722649213,True
long,2017-10-27 00:00:00,224.59817961378835,221.43873186652633,3.1594477472620213,108,0,227.75762736105037,221.43873186652633,2017-10-24 00:00:00,False,False,227.110110972386,224.59817961378835,10,146.4108186908401,2017-11-09 00:00:00,225.96383534240724,time_stop,0.42907996493808187,True
long,2017-11-01 00:00:00,225.9730144663428,222.84533789516968,3.1276765711731116,108,0,229.1006910375159,222.84533789516968,2017-10-27 00:00:00,False,False,227.110110972386,225.9730144663428,10,-43.66784630056959,2017-11-14 00:00:00,225.57868255615233,time_stop,-0.1292754864480136,True
long,2017-11-03 00:00:00,225.73656259486916,222.56154320896215,3.1750193859070066,108,0,228.91158198077616,222.56154320896215,2017-11-01 00:00:00,False,False,227.110110972386,225.73656259486916,10,65.99917191355387,2017-11-16 00:00:00,226.35766603851317,time_stop,0.19247235035997853,True
long,2017-11-13 00:00:00,226.201954091306,222.91924291303934,3.282711178266652,108,0,229.48466526957264,222.91924291303934,2017-11-07 00:00:00,False,False,228.33611690074267,226.201954091306,10,167.92632148123383,2017-11-27 00:00:00,227.76682743835445,time_stop,0.4736552387985198,True
long,2017-12-07 00:00:00,231.25339294433596,226.97344474122008,4.279948203115879,105,0,235.53334114745184,243.5907500811734,2017-12-05 00:00:00,False,True,246.52568508160715,231.25339294433596,26,898.2239966466833,2018-01-16 00:00:00,243.5907500811734,trailing_stop,1.9987424725257417,True
long,2017-12-27 00:00:00,235.41151969904774,231.55244476221057,3.8590749368371746,104,0,239.27059463588492,243.5907500811734,2017-12-21 00:00:00,False,True,246.52568508160715,235.41151969904774,13,624.9518765860678,2018-01-16 00:00:00,243.5907500811734,trailing_stop,1.5571484767296095,True
short,2018-02-20 00:00:00,239.4215076673359,249.95570246832852,10.534194800992623,47,0,228.88731286634328,249.95570246832852,2018-02-12 00:00:00,False,False,239.4215076673359,233.08551859078392,10,-13.187724817403053,2018-03-05 00:00:00,239.69209755706788,time_stop,-0.026636102239683306,True
short,2018-04-02 00:00:00,229.59822883172018,241.75791028680763,12.159681455087451,40,0,217.43854737663273,241.75791028680763,2018-03-27 00:00:00,False,False,229.59822883172018,225.04957315969892,10,-193.5832072658608,2018-04-13 00:00:00,234.4278090133667,time_stop,-0.39800221737072755,True
short,2018-04-04 00:00:00,226.8776306920274,239.4432458587902,12.565615166762797,39,0,214.3120155252646,239.4432458587902,2018-04-02 00:00:00,False,False,226.8776306920274,226.75508245525387,10,-468.6342442050844,2018-04-17 00:00:00,238.88389336395264,time_stop,-0.9562812892527026,True
long,2018-07-31 00:00:00,250.06468596219958,244.0513362470379,6.013349715161667,82,0,256.07803567736124,244.0513362470379,2018-07-26 00:00:00,False,False,253.8793335480441,250.06468596219958,10,17.114186493919014,2018-08-13 00:00:00,250.28339555358883,time_stop,0.034707708893602106,True
long,2018-08-09 00:00:00,253.81055535685627,248.28739508593281,5.523160270923455,89,0,259.3337156277797,248.28739508593281,2018-08-07 00:00:00,False,False,255.03331734212685,253.81055535685627,10,6.57329714725988,2018-08-22 00:00:00,253.8944126281738,time_stop,0.01337228465129766,True
long,2018-09-10 00:00:00,256.31264576750453,251.0791187137964,5.233527053708144,94,0,261.5461728212127,251.0791187137964,2018-08-30 00:00:00,False,False,261.45761269257395,256.31264576750453,10,367.3532836944166,2018-09-21 00:00:00,260.2306594238281,time_stop,0.7467265605428772,True
long,2018-09-25 00:00:00,259.9605422314787,255.0112578706,4.949284360878721,95,0,264.90982659235743,255.0112578706,2018-09-21 00:00:00,False,False,261.44870772895086,259.9605422314787,10,-471.1320142834785,2018-10-08 00:00:00,255.0112578706,stop,-1.002020494130231,True
short,2018-10-18 00:00:00,247.47391695240017,256.04339673076146,8.569479778361284,57,0,238.9044371740389,242.56044704174283,2018-10-16 00:00:00,False,True,247.47391695240017,236.02698317460644,5,348.177106887726,2018-10-24 00:00:00,243.72213512158604,trailing_stop_gap,0.7128052640604958,True
short,2018-10-22 00:00:00,245.610313811072,254.22548750057453,8.61517368950254,57,0,236.99514012156945,242.56044704174283,2018-10-18 00:00:00,False,True,245.610313811072,236.02698317460644,3,295.4120453011638,2018-10-24 00:00:00,243.72213512158604,trailing_stop_gap,0.6015743440830368,True
short,2018-11-02 00:00:00,241.07172077485123,253.000574633068,11.928853858216769,41,0,229.14286691663446,253.000574633068,2018-10-30 00:00:00,False,False,241.07172077485123,238.08677738884973,10,-102.73541548573738,2018-11-15 00:00:00,243.56746261596678,time_stop,-0.21005721680373796,True
short,2018-12-13 00:00:00,236.6044336937308,249.74137555633305,13.136941862602242,37,0,223.46749183112857,220.16887620775495,2018-12-10 00:00:00,False,True,236.6044336937308,209.65569540447515,9,548.3705457603817,2018-12-26 00:00:00,220.16887620775495,trailing_stop,1.1281792761283942,True
short,2019-01-02 00:00:00,220.6056260112586,236.37046716529144,15.764841154032837,31,0,204.84078485722577,236.37046716529144,2018-12-27 00:00:00,False,False,220.6056260112586,218.54382721026852,10,-403.7745781709421,2019-01-15 00:00:00,233.62061240386964,time_stop,-0.8262047340248073,True
long,2019-02-22 00:00:00,249.44358032410994,240.49123215569028,8.952348168419661,55,0,258.3959284925296,240.49123215569028,2019-02-20 00:00:00,False,False,252.804736758652,249.44358032410994,10,-160.85933916699142,2019-03-07 00:00:00,246.52886506652828,time_stop,-0.326698113451273,True
long,2019-03-01 00:00:00,251.5322460706085,243.50924697041668,8.02299910019181,61,0,259.5552451708003,243.50924697041668,2019-02-25 00:00:00,False,False,253.2621740040763,251.5322460706085,10,30.477030075265432,2019-03-14 00:00:00,252.0418695144653,time_stop,0.06227390002385337,True
long,2019-03-21 00:00:00,255.4067204088954,247.66977665234774,7.736943756547674,64,0,263.14366416544306,247.66977665234774,2019-03-19 00:00:00,False,False,259.224235717059,255.4067204088954,10,158.16904910413302,2019-04-03 00:00:00,257.8881118011475,time_stop,0.3194273436666219,True
long,2019-03-26 00:00:00,253.1356391167488,245.07371137086417,8.061927745884617,61,0,261.1975668626334,245.07371137086417,2019-03-21 00:00:00,False,False,260.2602259211894,253.1356391167488,10,419.4613116535931,2019-04-08 00:00:00,260.02205406188966,time_stop,0.8529492153599469,True
long,2019-04-05 00:00:00,259.3783508557665,252.068945716933,7.309405138833483,68,0,266.68775599459997,252.068945716933,2019-04-03 00:00:00,False,False,262.53033982323853,259.3783508557665,10,118.39203969606211,2019-04-18 00:00:00,261.1294102630615,time_stop,0.23819440491061478,True
long,2019-04-10 00:00:00,259.5325417634064,252.66360403275692,6.868937730649492,72,0,266.40147949405593,252.66360403275692,2019-04-05 00:00:00,False,False,264.08871575545896,259.5325417634064,10,257.5280742114976,2019-04-24 00:00:00,263.11932057189944,time_stop,0.5207178968202438,True
long,2019-04-16 00:00:00,262.1079588640087,255.72450743598736,6.3834514280213455,78,0,268.4914102920301,255.72450743598736,2019-04-12 00:00:00,False,False,265.25089328238977,262.1079588640087,10,203.8221324049301,2019-04-30 00:00:00,264.7310631256104,time_stop,0.4093560186157228,True
long,2019-04-26 00:00:00,263.7664254877272,257.7093017617411,6.057123725986116,82,0,269.8235492137133,257.7093017617411,2019-04-24 00:00:00,False,False,265.7011926075345,263.7664254877272,8,-497.50414553086154,2019-05-07 00:00:00,257.7093017617411,stop,-1.001650948610658,True
long,2019-05-01 00:00:00,265.5039907399268,259.4476291706655,6.056361569261298,82,0,271.5603523091881,259.4476291706655,2019-04-29 00:00:00,False,False,265.7011926075345,265.5039907399268,5,-497.44164867942646,2019-05-07 00:00:00,259.4476291706655,stop,-1.0016511563726238,True
short,2019-05-15 00:00:00,253.65612415780726,262.6558300400325,8.999705882225271,55,0,244.65641827558198,262.6558300400325,2019-05-13 00:00:00,False,False,253.65612415780726,249.27002320934008,10,156.5004655354807,2019-05-29 00:00:00,250.80066114807124,time_stop,0.31617288908917573,True
short,2019-05-31 00:00:00,248.80063679481225,257.69041461099243,8.889777816180185,56,0,239.91085897863206,257.69041461099243,2019-05-29 00:00:00,False,False,248.80063679481225,246.00902421487876,6,-498.3875577060904,2019-06-07 00:00:00,257.69041461099243,stop,-1.0011248875063896,True
long,2019-06-20 00:00:00,266.6932283388617,258.4642646764666,8.228963662395074,60,0,274.92219200125675,258.4642646764666,2019-06-18 00:00:00,False,False,270.4967597025448,266.6932283388617,10,218.4102022561905,2019-07-03 00:00:00,270.34339837646485,time_stop,0.44236068926128763,True
long,2019-06-28 00:00:00,264.85822100220696,257.4181323307107,7.440088671496255,66,0,272.2983096737032,257.4181323307107,2019-06-24 00:00:00,False,False,272.22566152144543,264.85822100220696,10,471.82945544980015,2019-07-12 00:00:00,272.01715214538575,time_stop,0.9608663900158987,True
long,2019-07-03 00:00:00,269.02219161006855,261.60487095495444,7.417320655114111,66,0,276.43951226518266,261.60487095495444,2019-07-01 00:00:00,False,False,272.58785266133765,269.02219161006855,10,23.242087561157714,2019-07-17 00:00:00,269.38434445190427,time_stop,0.04747709559959765,True
long,2019-07-10 00:00:00,270.09936704826424,262.8600824837169,7.239284564547347,68,0,277.3386516128116,262.8600824837169,2019-07-05 00:00:00,False,False,272.58785266133765,270.09936704826424,10,91.58562622828669,2019-07-23 00:00:00,271.45621449279787,time_stop,0.1860470371795424,True
long,2019-07-12 00:00:00,271.43906689299433,264.53479743905183,6.904269453942504,71,0,278.34333634693684,264.53479743905183,2019-07-10 00:00:00,False,False,272.8683776855469,271.43906689299433,10,-1.419961972786175,2019-07-25 00:00:00,271.4290674285889,time_stop,-0.002896680747884037,True
long,2019-07-19 00:00:00,271.61095564171967,264.9800940351162,6.630861606603446,75,0,278.2418172483231,264.9800940351162,2019-07-15 00:00:00,False,False,273.58351757677167,271.61095564171967,10,-364.5246894101042,2019-08-01 00:00:00,266.76062644958495,time_stop,-0.7329860703614276,True
short,2019-08-12 00:00:00,262.1757884552872,271.91627681332704,9.74048835803984,51,0,252.43530009724736,271.91627681332704,2019-08-07 00:00:00,False,False,262.1757884552872,255.62406014182483,10,213.48612389359818,2019-08-23 00:00:00,257.97978602600097,time_stop,0.42975282916190694,True
short,2019-08-20 00:00:00,263.79628943373865,274.4667030057456,10.670413572006964,46,0,253.12587586173169,274.4667030057456,2019-08-15 00:00:00,False,False,263.79628943373865,256.60165772038295,10,21.71993666315965,2019-09-03 00:00:00,263.314116897583,time_stop,0.044250631240231784,True
short,2019-10-08 00:00:00,264.660839364948,274.47707964900917,9.816240284061166,50,0,254.84459908088684,274.47707964900917,2019-10-03 00:00:00,False,False,264.660839364948,262.3518609879794,10,-414.7720530538696,2019-10-21 00:00:00,272.9462804260254,time_stop,-0.845073146237758,True
long,2019-11-07 00:00:00,280.6225210197655,273.3951996692801,7.227321350485397,68,0,287.8498423702509,273.3951996692801,2019-11-05 00:00:00,False,False,284.3591493804265,280.6225210197655,10,125.07662162030266,2019-11-20 00:00:00,282.471883102417,time_stop,0.25450121745700094,True
long,2019-11-12 00:00:00,280.7862213895236,273.8797509738038,6.9064704157197525,71,0,287.6926918052433,273.8797509738038,2019-11-07 00:00:00,False,False,284.9776916503906,280.7862213895236,10,286.76768046797145,2019-11-25 00:00:00,284.8352028045654,time_stop,0.584811223667702,True
long,2019-11-14 00:00:00,281.51461912873106,274.82646436450005,6.688154764231001,74,0,288.20277389296206,274.82646436450005,2019-11-12 00:00:00,False,False,286.8964233398437,281.51461912873106,10,386.8983439587611,2019-11-27 00:00:00,286.7529751281738,time_stop,0.7817337043999862,True
long,2019-11-22 00:00:00,282.91420623191044,276.69242986548005,6.22177636643039,79,0,289.13598259834083,276.69242986548005,2019-11-19 00:00:00,False,False,286.8964233398437,282.91420623191044,10,258.67193077783145,2019-12-06 00:00:00,286.1985344696045,time_stop,0.5262690339306818,True
long,2019-12-04 00:00:00,282.5595086231073,276.15790589175225,6.401602731355069,78,0,288.9611113544624,293.1159963158441,2019-11-29 00:00:00,False,True,296.906478796011,282.5595086231073,22,651.5932189833707,2020-01-06 00:00:00,292.8854243272233,trailing_stop_gap,1.304948083832004,True
long,2020-01-02 00:00:00,295.68275187158804,289.99702815133764,5.685723720250394,85,0,301.36847559183843,289.99702815133764,2019-12-30 00:00:00,False,False,300.68073912701385,295.68275187158804,10,346.759898593237,2020-01-15 00:00:00,299.772280090332,time_stop,0.717503772512588,True
long,2020-01-08 00:00:00,295.6927256283345,289.5930275784493,6.0996980498851485,82,0,301.7924236782196,300.41450860915637,2020-01-03 00:00:00,False,True,304.2722140708887,295.6927256283345,12,442.860722258989,2020-01-24 00:00:00,300.41450860915637,trailing_stop,0.8854111254663196,True
long,2020-02-19 00:00:00,308.7054124293196,300.9203007084093,7.785111720910322,65,0,316.49052415022993,300.9203007084093,2020-02-13 00:00:00,False,False,309.87428181296707,308.7054124293196,4,-871.5327155745342,2020-02-24 00:00:00,295.307216805096,stop_gap,-1.722286860471126,True
short,2020-04-01 00:00:00,227.94348423990178,262.9988521915222,35.05536795162041,14,0,192.88811628828137,262.9988521915222,2020-03-24 00:00:00,False,False,227.94348423990178,224.20297754937036,10,-385.31675584340127,2020-04-15 00:00:00,255.45610965728758,time_stop,-0.7851187143540905,True
long,2020-06-05 00:00:00,291.6210119068838,272.98561696342216,18.63539494346162,26,0,310.2564068503454,272.98561696342216,2020-06-03 00:00:00,False,False,297.2918792842742,291.6210119068838,7,-484.7802685300021,2020-06-15 00:00:00,272.98561696342216,stop,-1.000536613258283,True
long,2020-08-17 00:00:00,312.02542940041087,300.227205775979,11.798223624431898,42,0,323.82365302484277,300.227205775979,2020-08-12 00:00:00,False,False,323.8151257187456,312.02542940041087,10,482.52034842249026,2020-08-28 00:00:00,323.5240091247559,time_stop,0.973755040593935,True
short,2020-09-23 00:00:00,302.0465375078397,318.227966680862,16.18142917302231,31,0,285.86510833481736,318.227966680862,2020-09-21 00:00:00,False,False,302.0465375078397,296.4489382381279,10,-266.3802795940058,2020-10-06 00:00:00,310.6294497528076,time_stop,-0.5310354328463174,True
short,2020-09-29 00:00:00,307.8773079067665,324.14903783032463,16.271729923558155,30,0,291.6055779832083,324.14903783032463,2020-09-24 00:00:00,False,False,307.8773079067665,307.0073689601297,10,-488.45189770674466,2020-10-12 00:00:00,324.14903783032463,stop,-1.000614562805982,True
long,2020-10-16 00:00:00,323.489868968274,308.3255708201801,15.164298148093906,32,0,338.6541671163679,308.3255708201801,2020-10-13 00:00:00,False,False,325.1391758909645,323.489868968274,9,-500.7692323487102,2020-10-28 00:00:00,307.8508304573768,stop_gap,-1.031965895029848,True
long,2020-11-11 00:00:00,330.38655819149517,312.507154356524,17.879403834971185,27,0,348.26596202646635,312.507154356524,2020-11-09 00:00:00,False,False,337.24552471708824,330.38655819149517,10,165.60992437406347,2020-11-24 00:00:00,336.53025909423826,time_stop,0.3430595874089432,True
long,2020-11-23 00:00:00,331.6202065139429,315.6480383911812,15.972168122761673,31,0,347.59237463670456,315.6480383911812,2020-11-16 00:00:00,False,False,342.84442138671875,331.6202065139429,10,320.49899079848393,2020-12-07 00:00:00,341.96888363647463,time_stop,0.6472932818555962,True
long,2020-12-23 00:00:00,342.9108742196503,329.5991667741971,13.31170744545318,37,0,356.22258166510346,329.5991667741971,2020-12-21 00:00:00,False,False,353.6617584095082,342.9108742196503,10,363.3285290407853,2021-01-07 00:00:00,352.74056419372556,time_stop,0.7376732109170072,True
long,2021-04-21 00:00:00,387.7070229087903,375.6537531445478,12.053269764242486,41,0,399.7602926730328,375.6537531445478,2021-04-19 00:00:00,False,False,392.94532012603673,387.7070229087903,10,11.104108682716426,2021-05-04 00:00:00,387.98785482788094,time_stop,0.022469580818152837,True
long,2021-07-16 00:00:00,408.5682340881167,398.5733369779529,9.994897110163777,50,0,418.5631311982805,398.5733369779529,2021-07-14 00:00:00,False,False,408.6050745825178,408.5682340881167,2,-500.24485550818883,2021-07-19 00:00:00,398.5733369779529,stop,-1.0010005105495114,True
long,2021-07-09 00:00:00,405.3072630468599,395.1710127231064,10.136250323753472,49,0,415.44351337061335,395.1710127231064,2021-07-07 00:00:00,False,False,410.3479893837978,405.3072630468599,10,123.55654826490162,2021-07-22 00:00:00,407.83882525634766,time_stop,0.24876676571204182,True
long,2021-09-01 00:00:00,424.0761623524176,415.01486871869463,9.061293633722983,55,0,433.1374559861406,415.01486871869463,2021-08-30 00:00:00,False,False,425.4623335511139,424.0761623524176,10,-253.83859132449652,2021-09-15 00:00:00,419.47091523742677,time_stop,-0.5093364481440599,True
long,2021-09-09 00:00:00,423.2522084875442,414.51931294824874,8.732895539295441,57,0,431.9851040268396,414.51931294824874,2021-09-02 00:00:00,False,False,424.0755433312676,423.2522084875442,8,-824.0724105454314,2021-09-20 00:00:00,408.8047977762208,stop_gap,-1.6555116966954768,True
short,2021-09-28 00:00:00,413.31646012046986,425.9030644908734,12.586604370403563,39,0,400.7298557500663,425.9030644908734,2021-09-21 00:00:00,False,False,413.31646012046986,400.79567536580527,10,174.56231675337705,2021-10-11 00:00:00,408.8305032806397,time_stop,0.35561273780520586,True
short,2021-10-06 00:00:00,403.5212059070278,418.106477577208,14.585271670180191,33,0,388.93593423684763,418.106477577208,2021-10-04 00:00:00,False,False,403.5212059070278,401.90495407806975,8,-481.6439651159463,2021-10-15 00:00:00,418.106477577208,stop,-1.000685623156437,True
long,2021-11-12 00:00:00,437.4114960298939,426.2734633353256,11.138032694568324,44,0,448.5495287244622,426.2734633353256,2021-11-10 00:00:00,False,False,445.1468026589416,437.4114960298939,10,-272.2210832498985,2021-11-26 00:00:00,431.23465322875984,time_stop,-0.555469980273194,True
long,2021-11-18 00:00:00,441.1146377023812,430.53690057111226,10.577737131268918,46,0,451.6923748336501,430.53690057111226,2021-11-16 00:00:00,False,False,445.1468026589416,441.1146377023812,6,-487.0359080383702,2021-11-26 00:00:00,430.53690057111226,stop,-1.0009453817840148,True
long,2021-11-24 00:00:00,440.9929634115955,430.0541180292164,10.9388453823791,45,0,451.9318087939746,430.0541180292164,2021-11-22 00:00:00,False,False,441.4148734428188,440.9929634115955,4,-492.6980422070595,2021-11-30 00:00:00,430.0541180292164,stop,-1.0009141732651334,True
short,2021-12-03 00:00:00,423.28963413747033,439.2081006824271,15.918466544956743,30,0,407.3711675925136,439.2081006824271,2021-12-01 00:00:00,False,False,423.28963413747033,422.0030024782896,3,-477.8539963487023,2021-12-07 00:00:00,439.2081006824271,stop,-1.0006282012134622,True
short,2022-03-01 00:00:00,406.27788900505857,431.86130510261427,25.5834160975557,18,0,380.69447290750287,431.86130510261427,2022-02-24 00:00:00,False,False,406.27788900505857,391.6005826334159,10,228.54811482298823,2022-03-14 00:00:00,393.57077151489256,time_stop,0.496302661135982,True
long,2022-04-04 00:00:00,429.11724017093695,407.28697049229976,21.830269678637194,22,0,450.94750984957415,407.28697049229976,2022-03-29 00:00:00,False,False,433.23247058270414,429.11724017093695,10,-327.68947794396263,2022-04-18 00:00:00,414.23226390075683,time_stop,-0.6823083951526325,True
short,2022-04-29 00:00:00,395.1439611208208,419.92370270647115,24.779741585650356,19,0,370.36421953517043,383.0211952256572,2022-04-27 00:00:00,False,True,395.1439611208208,364.4573066901353,13,344.6036275685077,2022-05-17 00:00:00,384.6886388298432,trailing_stop_gap,0.7319298696974463,True
short,2022-05-05 00:00:00,391.462901520509,418.62182609703456,27.15892457652558,17,0,364.3039769439834,418.62182609703456,2022-05-02 00:00:00,False,False,391.462901520509,364.4573066901353,10,347.8309453707475,2022-05-18 00:00:00,370.9922576751709,time_stop,0.7533672324795565,True
short,2022-05-18 00:00:00,380.93084623434754,409.90667324486475,28.975827010517207,16,0,351.95501922383033,409.90667324486475,2022-05-12 00:00:00,False,False,380.93084623434754,360.09500032544264,10,-109.71527885395531,2022-06-01 00:00:00,387.77805116271975,time_stop,-0.23665260445830527,True
short,2022-05-24 00:00:00,369.386362617675,398.4612633717847,29.074900754109706,16,0,340.3114618635653,398.4612633717847,2022-05-20 00:00:00,False,False,369.386362617675,366.17008413397616,10,-387.58734313673193,2022-06-07 00:00:00,393.60057156372073,time_stop,-0.8331656624011582,True
short,2022-06-22 00:00:00,352.21299604948706,380.40117523103254,28.18817918154548,17,0,324.0248168679416,380.40117523103254,2022-06-17 00:00:00,False,False,352.21299604948706,351.80483464367245,10,-207.4872123918744,2022-07-06 00:00:00,364.40812619018556,time_stop,-0.4329875321882824,True
long,2022-08-03 00:00:00,392.5192306662549,370.2744611818804,22.2447694843745,21,0,414.7640001506294,370.2744611818804,2022-08-01 00:00:00,False,False,410.2995327517671,392.5192306662549,10,328.3745740079162,2022-08-16 00:00:00,408.1661151428223,time_stop,0.7029465730157972,True
long,2022-08-08 00:00:00,394.6475414583589,373.79022151333675,20.85731994502214,23,0,415.504861403381,373.79022151333675,2022-08-03 00:00:00,False,False,410.2995327517671,394.6475414583589,10,145.53119234702828,2022-08-19 00:00:00,400.98498460388186,time_stop,0.3033679860212861,True
long,2022-08-25 00:00:00,394.6380346959815,376.27734510740873,18.360689588572768,26,0,412.99872428455427,376.27734510740873,2022-08-17 00:00:00,False,False,399.1137677961376,394.6380346959815,5,-477.63792930289196,2022-08-31 00:00:00,376.27734510740873,stop,-1.0005446418530066,True
short,2022-09-20 00:00:00,364.681089599931,385.47473220166427,20.793642601733268,23,0,343.88744699819773,355.85183227797876,2022-09-16 00:00:00,False,True,364.681089599931,340.71083940826395,11,334.4511564824928,2022-10-04 00:00:00,355.85183227797876,trailing_stop,0.6993173302142597,True
short,2022-10-07 00:00:00,352.08525889115316,376.0757896324586,23.990530741305463,20,0,328.0947281498477,376.0757896324586,2022-10-03 00:00:00,False,False,352.08525889115316,332.1892019406478,10,64.05579427814114,2022-10-20 00:00:00,348.8724691772461,time_stop,0.13350224505007238,True
short,2022-10-19 00:00:00,350.6915811797056,375.7728551009817,25.08127392127608,19,0,325.61030725842954,375.7728551009817,2022-10-13 00:00:00,False,False,350.6915811797056,346.9135849578602,10,-312.2839700825416,2022-11-01 00:00:00,367.11757960510255,time_stop,-0.6553095539319679,True
